x_m,y_m,w_tr_right_m,w_tr_left_m,curvature
0.0,0.0,1.1,1.1,-0.006625419036286791
0.4161633664378022,0.1867735919425475,1.1,1.1,-0.00952118451694787
0.8334651694798328,0.3710359803464168,1.1,1.1,-0.011573221770929168
1.2517692639342497,0.5531059931609011,1.1,1.1,-0.009878242696475581
1.6709362196045645,0.7333090283445275,1.1,1.1,-0.008175055177019877
2.0908266975444376,0.9119703013555718,1.1,1.1,-0.006472665567792057
2.511301358807507,1.0894151189024417,1.1,1.1,-0.004771104897833931
2.9322208644474386,1.2659687876935437,1.1,1.1,-0.0030707196904317703
3.3534457842677443,1.4419567056874278,1.1,1.1,-0.0013718528148651766
3.7748367793220674,1.6177040883423597,1.1,1.1,0.00032580981660881967
4.196254601914205,1.7935362423667451,1.1,1.1,0.0020226005998097737
4.617559821847665,1.969778474468981,1.1,1.1,0.0037122400127177083
5.038613100176095,2.146756091357508,1.1,1.1,0.0049190646371052695
5.459276922955729,2.32478956348388,1.1,1.1,0.004393579641444638
5.8795532976893865,2.5038329920334417,1.1,1.1,0.0017509818640881357
6.299678197209595,2.683226091075738,1.1,1.1,-0.0018286985756312392
6.719909859380247,2.86224999209778,1.1,1.1,-0.0054864829372716
7.140506704565492,3.040185461586064,1.1,1.1,-0.009149509813523988
7.561727061879367,3.216313631027578,1.1,1.1,-0.01282023402889373
7.9838291691857615,3.389915449409081,1.1,1.1,-0.016499991969595486
8.407071446848834,3.560271865717309,1.1,1.1,-0.02018804675809818
8.831712223982601,3.7266639201891527,1.1,1.1,-0.02388170837285278
9.258009738450967,3.8883724705612175,1.1,1.1,-0.027576017721434646
9.686222410618084,4.044678739570645,1.1,1.1,-0.03126280575043563
10.116608569597966,4.194863402453789,1.1,1.1,-0.03477525915506468
10.549426362004402,4.33820768194779,1.1,1.1,-0.037157506294326084
10.984874439367308,4.474107958452056,1.1,1.1,-0.03753547077222144
11.422843484032644,4.602552095699478,1.1,1.1,-0.03663048844528639
11.863126266958384,4.72371748394004,1.1,1.1,-0.03549455566182717
12.305515376602273,4.837781148423172,1.1,1.1,-0.03438098325491814
12.74980349267215,4.944920479398867,1.1,1.1,-0.03354293288487084
13.195783203625728,5.045312684616831,1.1,1.1,-0.038405174223341845
13.643255310432336,5.1389211727755,1.1,1.1,-0.05890874139760207
14.092188605547973,5.221326243896847,1.1,1.1,-0.09509236252955958
14.542709196650366,5.284000938465069,1.1,1.1,-0.12600188892708022
14.99494821017426,5.318411635705011,1.1,1.1,-0.11616980690759478
15.448960122446444,5.325336699213476,1.1,1.1,-0.057912884702674736
15.904680328375878,5.320107975595408,1.1,1.1,0.005180126027376762
16.362013927828833,5.318755466189517,1.1,1.1,0.02907245510016182
16.82047218511661,5.32607947526016,1.1,1.1,0.014642586201039911
17.279205561542057,5.3365851025641975,1.1,1.1,-0.012753795038916037
17.737351104639163,5.344397026072397,1.1,1.1,-0.040898512110814716
18.194045861941884,5.343639650005134,1.1,1.1,-0.06961073406356229
18.648426972234333,5.328437469832934,1.1,1.1,-0.09569471573331084
19.09967437061091,5.293047932463673,1.1,1.1,-0.11244501615895552
19.54779316707879,5.2342791083994085,1.1,1.1,-0.11878477094923792
19.99353143019213,5.1512369288802855,1.1,1.1,-0.11983788438676125
20.43762481848761,5.043121039028473,1.1,1.1,-0.11942055365290918
20.87866807998498,4.909767827363411,1.1,1.1,-0.12062306790567023
21.31204532692978,4.751968523750069,1.1,1.1,-0.12498713935323857
21.733001880121915,4.570569929381723,1.1,1.1,-0.13040004800787203
22.13908566610604,4.366001467363489,1.1,1.1,-0.1343385033786713
22.529870729281928,4.1383250965326805,1.1,1.1,-0.13660570809798364
22.90500046414707,3.887590274458981,1.1,1.1,-0.13770631766683664
23.264118173948823,3.613846367461977,1.1,1.1,-0.13760236025721254
23.606867253184664,3.317142833111338,1.1,1.1,-0.1356887192479698
23.932889818850303,2.99753186648063,1.1,1.1,-0.13081415254082848
24.24139172107664,2.656138764155555,1.1,1.1,-0.12447069843843607
24.53048837095802,2.2967711202516123,1.1,1.1,-0.12095599060732723
24.798127644352665,1.9236481582143132,1.1,1.1,-0.12625835949514433
25.042096543142144,1.5399405462616325,1.1,1.1,-0.14263799275128536
25.259465573198334,1.1441376385148343,1.1,1.1,-0.15784014359541187
25.44711644387709,0.7334307560160584,1.1,1.1,-0.1466323854831202
25.605697578592157,0.3073671156272567,1.1,1.1,-0.10130451280437437
25.745041726199357,-0.1287621439455461,1.1,1.1,-0.04592047675059613
25.87635522374016,-0.5688067640356836,1.1,1.1,-0.015201099188886843
26.007793733957104,-1.0079290278260753,1.1,1.1,-0.027350732265092336
26.134256648412684,-1.4469951727873955,1.1,1.1,-0.06257572293844976
26.247053852361194,-1.888417761069305,1.1,1.1,-0.08620703267187137
26.340508766553445,-2.3337744161449097,1.1,1.1,-0.08640270157922461
26.416144446885685,-2.7826491286779995,1.1,1.1,-0.07470748009660651
26.47653624573696,-3.234334253921386,1.1,1.1,-0.061707885581790904
26.524259424236217,-3.6881223296281473,1.1,1.1,-0.04885354787824993
26.561889152262253,-4.14330589355138,1.1,1.1,-0.036646021411485666
26.59199932219208,-4.599177939694783,1.1,1.1,-0.02656738307423471
26.61679106962745,-5.055217703574513,1.1,1.1,-0.019284003561980536
26.637592631440032,-5.51134023132088,1.1,1.1,-0.013368976378273596
26.65560741432561,-5.967522801651858,1.1,1.1,-0.007598162308048965
26.672038916230107,-6.423742510785177,1.1,1.1,-0.0018240611807847935
26.688090543849302,-6.8799766374388005,1.1,1.1,0.0036604959698501873
26.704965703878987,-7.33620246033073,1.1,1.1,0.006351641120899548
26.72362617267444,-7.792399356931895,1.1,1.1,0.0033091193454224013
26.743188466490697,-8.248562308485223,1.1,1.1,-0.003989633822200045
26.76191819413375,-8.70469377874419,1.1,1.1,-0.012327179005460804
26.77807667565352,-9.160796413962524,1.1,1.1,-0.020687205219757872
26.78992495734957,-9.61687258664358,1.1,1.1,-0.028810764992500727
26.79572408552142,-10.072924760540795,1.1,1.1,-0.03453395838123991
26.793946441766444,-10.52895357440512,1.1,1.1,-0.0353331454387633
26.7846416661546,-10.984944884466575,1.1,1.1,-0.032496220750210136
26.76857388726264,-11.440878250696382,1.1,1.1,-0.028788256844112802
26.74651024492159,-11.89673295931536,1.1,1.1,-0.02508107702178431
26.71921833521312,-12.352488479044553,1.1,1.1,-0.02138483630674109
26.68746538921836,-12.808124187354917,1.1,1.1,-0.017702217586583104
26.65201891176887,-13.263619461717385,1.1,1.1,-0.014033178861423475
26.613646225195875,-13.7189536796029,1.1,1.1,-0.010375428602201819
26.573114743080836,-14.174106127232289,1.1,1.1,-0.0067248466372215815
26.5311918790051,-14.62905645582684,1.1,1.1,-0.0030763968918403398
26.4886450465501,-15.08378376910714,1.1,1.1,0.0004619473816720532
26.446241568047128,-15.538267627044364,1.1,1.1,0.002963176910805939
26.40465240569164,-15.992496349622082,1.1,1.1,0.0033606988674140252
26.36385794070601,-16.44652249691432,1.1,1.1,0.0022184271138369813
26.323537337638104,-16.900426642784655,1.1,1.1,0.0007107419133546106
26.28336857478419,-17.354289452346737,1.1,1.1,-0.0008000494409021099
26.24302953919032,-17.8081914994641,1.1,1.1,-0.0023091582228440158
26.202198209152733,-18.26221354050056,1.1,1.1,-0.0038132362632930217
26.16055247171752,-18.716436240569784,1.1,1.1,-0.0053091107104643945
26.11777039643104,-19.17094026478544,1.1,1.1,-0.006793684952365959
26.07352977908924,-19.62580636951131,1.1,1.1,-0.00826314864460058
26.02750859798836,-20.081115037360828,1.1,1.1,-0.009714148665728776
25.979384922674743,-20.5369471159479,1.1,1.1,-0.011443310487637758
25.928836548944368,-20.993383087885963,1.1,1.1,-0.023911299823414948
25.875299094751902,-21.45039795063977,1.1,1.1,-0.06977532361252331
25.80996938644236,-21.904368709103963,1.1,1.1,-0.15548499132803542
25.713984014934294,-22.347279221982586,1.1,1.1,-0.2550236435536882
25.567917744104594,-22.770847901355594,1.1,1.1,-0.3215794251213198
25.359894552218112,-23.167060522179742,1.1,1.1,-0.3376322643104228
25.09355988191185,-23.528452641436488,1.1,1.1,-0.32609130177185464
24.774563758647552,-23.847835573995862,1.1,1.1,-0.2886951650977787
24.411484424513255,-24.12446973756569,1.1,1.1,-0.2263970976078622
24.01632181891874,-24.36515089422223,1.1,1.1,-0.17520427294426022
23.601246884014717,-24.577010515264835,1.1,1.1,-0.18726596056851844
23.175550525393465,-24.75571996834377,1.1,1.1,-0.288267043505146
22.742869516929787,-24.87445226315572,1.1,1.1,-0.42996011366415793
22.30632433927089,-24.904369074063077,1.1,1.1,-0.4996122787222547
21.87322531396816,-24.83460798575904,1.1,1.1,-0.4673338133853626
21.455667371815192,-24.674831291859256,1.1,1.1,-0.40919220536556117
21.06600003146434,-24.43583735008025,1.1,1.1,-0.3620042247974302
20.71589482311259,-24.130100052999666,1.1,1.1,-0.3313156683149422
20.41575325766723,-23.77323302761948,1.1,1.1,-0.323178904463246
20.175835590836567,-23.381194278926944,1.1,1.1,-0.3233838917985699
20.001918138260283,-22.96741929335474,1.1,1.1,-0.29580934607759546
19.885242347596265,-22.537167545814253,1.1,1.1,-0.23673254291599102
19.81410986110972,-22.09404496763681,1.1,1.1,-0.17064523021107056
19.776822412316,-21.641657216403303,1.1,1.1,-0.10791053255071484
19.76168155223022,-21.18361022344508,1.1,1.1,-0.0527403739801915
19.75699029186951,-20.723509555092896,1.1,1.1,-0.015165953349047839
19.753549614521067,-20.264165076556303,1.1,1.1,-0.001192718313270204
19.749985384498533,-19.80589607203523,1.1,1.1,-0.00010985228211223457
19.746451175768293,-19.348535188793825,1.1,1.1,-0.0008529798899549411
19.74310074479702,-18.89191516534642,1.1,1.1,-0.0016006943467880865
19.740087665551133,-18.435868648957157,1.1,1.1,-0.0023506793738488465
19.737565511997037,-17.980228286890235,1.1,1.1,-0.003100803725782096
19.73568794935126,-17.524826908910082,1.1,1.1,-0.003848253286124995
19.73460864283034,-17.06949716228086,1.1,1.1,-0.004590525258676934
19.73448107515058,-16.61407169426675,1.1,1.1,-0.005325454731031
19.735459002778637,-16.158383334632195,1.1,1.1,-0.00604979323965084
19.737695999680906,-15.702264639391226,1.1,1.1,-0.006053949436275059
19.741345274823296,-15.245548529558418,1.1,1.1,-0.002521153526203513
19.7459704700909,-14.788182171309296,1.1,1.1,0.006319755206456033
19.74935876986553,-14.330457656305486,1.1,1.1,0.01805540618236374
19.748964204309527,-13.872731590049488,1.1,1.1,0.030241594631555617
19.742240712335096,-13.415360943044334,1.1,1.1,0.04253668681646316
19.72664232410459,-12.95870232079252,1.1,1.1,0.05484227538482663
19.699623161030463,-12.503112420046705,1.1,1.1,0.0658620799932725
19.65873224465891,-12.048973213845144,1.1,1.1,0.07389668202509254
19.60249378666032,-11.59692354433806,1.1,1.1,0.0796086632314699
19.53000313325991,-11.147753181388357,1.1,1.1,0.08481324821855697
19.440362930693155,-10.702253628611382,1.1,1.1,0.09012266094526576
19.332676007695827,-10.261216389622492,1.1,1.1,0.0949641086957409
19.206044919253262,-9.82543324178742,1.1,1.1,0.0937135939568193
19.05995154713537,-9.395527879735043,1.1,1.1,0.07881066688659681
18.89766510969897,-8.970449740734962,1.1,1.1,0.05307814562111349
18.72463333087074,-8.548184386948533,1.1,1.1,0.024752483606839064
18.546329849613883,-8.12670633927153,1.1,1.1,-0.0031819560339094418
18.36822866989209,-7.70398984484937,1.1,1.1,-0.029426050607916372
18.195803430668576,-7.2780092420775855,1.1,1.1,-0.03940183813500187
18.03349363319925,-6.847268028847377,1.1,1.1,-0.014040789119949732
17.875643959514935,-6.415435372829148,1.1,1.1,0.04000153076234584
17.71089915236432,-5.989097252053556,1.1,1.1,0.10419103245456447
17.52783925815494,-5.574872403347427,1.1,1.1,0.17204876648831693
17.315044597044732,-5.179379928538074,1.1,1.1,0.23917856945875596
17.061095306691367,-4.809238381952048,1.1,1.1,0.2851392609696144
16.755951956697736,-4.471348737063889,1.1,1.1,0.2995281449073979
16.40262160380127,-4.175275102350874,1.1,1.1,0.3076166149415563
16.011292689859,-3.9320477021062894,1.1,1.1,0.3236827850931703
15.59216542799462,-3.752325098849673,1.1,1.1,0.32951710827829006
15.1542133558532,-3.6392090669518815,1.1,1.1,0.3133036809976614
14.705293383256327,-3.588924679843495,1.1,1.1,0.2825390158987908
14.253168158642774,-3.59735007796617,1.1,1.1,0.2293950218948893
13.802568088678402,-3.6549192365899215,1.1,1.1,0.14932222382830018
13.35363032230646,-3.743818488112549,1.1,1.1,0.06707913405067766
12.906108666680035,-3.845557180227924,1.1,1.1,0.013595428492634164
12.459751180194097,-3.946688785237817,1.1,1.1,-0.0011355826601527255
12.014290226221515,-4.0468548726371445,1.1,1.1,0.0032731577432775715
11.569456799383216,-4.14777687610167,1.1,1.1,0.006885073310211005
11.125044765638725,-4.250366840666615,1.1,1.1,0.0066798126038118966
10.680940792328338,-4.35433568592461,1.1,1.1,0.004867494017162743
10.237039211803156,-4.459297241331488,1.1,1.1,0.002943632573093436
9.793234173914012,-4.564865427593202,1.1,1.1,0.0010200915169700812
9.349420102262142,-4.670654074165573,1.1,1.1,-0.0009025488722398252
8.905491237948512,-4.7762768280041845,1.1,1.1,-0.002823136575188358
8.461341822074086,-4.881347609814975,1.1,1.1,-0.004741503923981831
8.01686618698997,-4.985480340303912,1.1,1.1,-0.006657382381362571
7.571958573797134,-5.088288666426564,1.1,1.1,-0.008569412261949778
7.12651322359654,-5.189386508888872,1.1,1.1,-0.010446214037310156
6.680424468739294,-5.288387697146681,1.1,1.1,-0.010761598246447082
6.233594032836906,-5.3849304244401415,1.1,1.1,-0.005923228157608363
5.786287362513425,-5.479851910699029,1.1,1.1,0.004836671668414052
5.339291216377528,-5.575705699521663,1.1,1.1,0.018089755064041528
4.893432320594186,-5.675177920943237,1.1,1.1,0.0315880517329277
4.449537310078255,-5.7809543399983845,1.1,1.1,0.04519191015384827
4.008433184745114,-5.895721177972398,1.1,1.1,0.058000688733944754
3.5709465795096103,-6.022164291150077,1.1,1.1,0.06521901722238813
3.13770602525744,-6.162274301086498,1.1,1.1,0.06276091463961594
2.708472902902359,-6.314998363798047,1.1,1.1,0.054343660302331336
2.2827713430237844,-6.478451981629176,1.1,1.1,0.04492211066081911
1.8601255674512749,-6.650750200673706,1.1,1.1,0.035582254426748554
1.4400597067642635,-6.830008432025957,1.1,1.1,0.026620413763246427
1.0220979827923036,-7.014341813029871,1.1,1.1,0.019533907406622465
0.6058111549305278,-7.202108206371421,1.1,1.1,0.015551880432741274
0.1909705503566989,-7.392703262448997,1.1,1.1,0.013457284730438453
-0.2225995786768345,-7.585800214552113,1.1,1.1,0.011685889784147918
-0.6350747061673421,-7.7810719309698175,1.1,1.1,0.009910418580785075
-1.0466301236118416,-7.978191736241756,1.1,1.1,0.00813177756709308
-1.4574414875078536,-8.176832498656953,1.1,1.1,0.006351398679790516
-1.8676842718526476,-8.376667451504948,1.1,1.1,0.0045703875607112235
-2.277533950643498,-8.577369554324898,1.1,1.1,0.0027892701391588194
-2.6871659978776687,-8.778612040406315,1.1,1.1,0.00100848352742246
-3.096755887552435,-8.98006786928838,1.1,1.1,-0.000771471751906279
-3.506479184915197,-9.181410183010476,1.1,1.1,-0.002503597495690991
-3.916511363963219,-9.38231194111177,1.1,1.1,-0.003427117148138661
-4.327009192417409,-9.582480139429364,1.1,1.1,-0.0023137416724832794
-4.737840357591322,-9.782143268285228,1.1,1.1,0.0006512346855728188
-5.148644968977821,-9.981941082330891,1.1,1.1,0.004207966887369189
-5.559056839810884,-10.182524286233289,1.1,1.1,0.007781872938848753
-5.968709692074377,-10.38454367590949,1.1,1.1,0.011360052274187848
-6.37723761275267,-10.588650138526702,1.1,1.1,0.01494412217716515
-6.7842742325794845,-10.79549428750172,1.1,1.1,0.018534446963881627
-7.18945345603895,-11.005727010001763,1.1,1.1,0.02212927513676654
-7.592409096365046,-11.219999010693764,1.1,1.1,0.025724815843795493
-7.992775149292015,-11.438961176744934,1.1,1.1,0.02931462071063956
-8.390185336803723,-11.663264212822204,1.1,1.1,0.03289486965154447
-8.784273472134146,-11.893558914842645,1.1,1.1,0.03764667088952269
-9.174669262261492,-12.130499272477827,1.1,1.1,0.047427377816548495
-9.560159080475575,-12.37538998006626,1.1,1.1,0.064286644312456
-9.937674823702968,-12.630965986461929,1.1,1.1,0.08511295110708647
-10.303901648522553,-12.900153044537646,1.1,1.1,0.10696848302358086
-10.65552452901294,-13.185876815916112,1.1,1.1,0.12914476700107744
-10.989228530502889,-13.491062870969916,1.1,1.1,0.1477859752128084
-11.301707295833236,-13.818625738806071,1.1,1.1,0.15253940558367018
-11.591191576260846,-14.169521082021252,1.1,1.1,0.13992606535208393
-11.859207621436417,-14.540503316041931,1.1,1.1,0.12025006933130791
-12.107707727861058,-14.92778428303002,1.1,1.1,0.10129295331629895
-12.338644100785707,-15.327575551397029,1.1,1.1,0.08395740007181379
-12.55396903671146,-15.736088689554483,1.1,1.1,0.07662728208623718
-12.755591944578962,-16.149549774684356,1.1,1.1,0.10659363923973982
-12.938451544756091,-16.566493968472464,1.1,1.1,0.19065977020587493
-13.082868013260969,-16.99029953317929,1.1,1.1,0.29666627152979486
-13.16732046351738,-17.424954829425054,1.1,1.1,0.33452347780589
-13.178872821046422,-17.872599216474427,1.1,1.1,0.255695303203573
-13.136056070711073,-18.328594359041283,1.1,1.1,0.13750137354588257
-13.064608953781168,-18.78674966590215,1.1,1.1,0.06720339308126308
-12.986070150607985,-19.24113223619665,1.1,1.1,0.08190122715899548
-12.894301630042108,-19.68750614770572,1.1,1.1,0.15653106464504135
-12.771964681400652,-20.122322500428435,1.1,1.1,0.22596411786496934
-12.602777726740367,-20.541961675514187,1.1,1.1,0.24781232022634955
-12.384283582598718,-20.94188005531031,1.1,1.1,0.23601836148761327
-12.123534332663166,-21.31689837376845,1.1,1.1,0.22095585482254118
-11.827441900423665,-21.662437425685795,1.1,1.1,0.20754302415234324
-11.500839805191385,-21.97780653883909,1.1,1.1,0.19195160719726506
-11.147747980131028,-22.2638365456491,1.1,1.1,0.17562802633974128
-10.772184715904976,-22.5213618372916,1.1,1.1,0.16028117421289795
-10.378168120675362,-22.751216531192004,1.1,1.1,0.14630626904062913
-9.969716485104568,-22.95423510977621,1.1,1.1,0.13141271344412497
-9.550616872029147,-23.13167080231023,1.1,1.1,0.11163489269670698
-9.123234849782545,-23.287355657943976,1.1,1.1,0.08747853943841677
-8.689395420936473,-23.42610166095831,1.1,1.1,0.06230152147415372
-8.25092240181096,-23.552722711886723,1.1,1.1,0.03737722514339054
-7.809639882476429,-23.672032893763017,1.1,1.1,0.01347297100276148
-7.367371770503054,-23.788846107120687,1.1,1.1,-0.004522023083986206
-6.925728995660875,-23.90741013669553,1.1,1.1,-0.011520455023912884
-6.485039602162146,-24.02856046866487,1.1,1.1,-0.010949654165644017
-6.0451534835453655,-24.151861109914314,1.1,1.1,-0.00874702454509386
-5.605919529597579,-24.276873786076283,1.1,1.1,-0.00653521654169681
-5.167186721355983,-24.40316031403332,1.1,1.1,-0.004318646287624933
-4.728804039857767,-24.5302824194178,1.1,1.1,-0.0020986140188074126
-4.290620466140132,-24.657801919112263,1.1,1.1,0.00012367045263459464
-3.852485072490383,-24.78528053874913,1.1,1.1,0.002347395213346371
-3.4142468399457204,-24.912280186461047,1.1,1.1,0.004571721682798896
-2.9757546582932086,-25.038362496630292,1.1,1.1,0.00679511604662199
-2.536857599820157,-25.1630892861394,1.1,1.1,0.008996785461988592
-2.0974046455637683,-25.28602237187092,1.1,1.1,0.01065571207465836
-1.657249977818559,-25.40673890072896,1.1,1.1,0.010763593280712533
-1.216380274065753,-25.525211771425347,1.1,1.1,0.009290867328115484
-0.7749226457344662,-25.641831625760545,1.1,1.1,0.007242500184447835
-0.3330105917628315,-25.757009363063588,1.1,1.1,0.005171638036932009
0.1092221151606586,-25.87115597391362,1.1,1.1,0.0031031345881214196
0.5516417935976149,-25.984682175139397,1.1,1.1,0.0010357516342291728
0.9941148533597955,-26.09799904857018,1.1,1.1,-0.0010313424737844767
1.4365075217586911,-26.21151740228489,1.1,1.1,-0.0030990712583799512
1.8786861173559295,-26.32564813561254,1.1,1.1,-0.005168794287618425
2.3205170499632524,-26.44080205663202,1.1,1.1,-0.007241567354126609
2.7618666381422923,-26.557390155922462,1.1,1.1,-0.00929915637798711
3.202601109204534,-26.6758232415628,1.1,1.1,-0.010874374847638856
3.64259307797048,-26.79649770411156,1.1,1.1,-0.011074081919695083
4.081862345718026,-26.91946263613795,1.1,1.1,-0.009879020666937497
4.520579367687376,-27.044412075960807,1.1,1.1,-0.008175646426605896
4.958921534128499,-27.17102427562676,1.1,1.1,-0.006447033345504174
5.3970660527911,-27.298977122181885,1.1,1.1,-0.004718801630498136
5.835190313925161,-27.42794886767277,1.1,1.1,-0.004788998156883987
6.273471069029742,-27.55761867664736,1.1,1.1,-0.013786255133121959
6.71148382250667,-27.68904997810416,1.1,1.1,-0.03629054263678505
7.147011378731571,-27.827433626857868,1.1,1.1,-0.0645703145927847
7.577503752861139,-27.97872615755218,1.1,1.1,-0.08070145868792147
8.000981090855442,-28.14748013035232,1.1,1.1,-0.07202147740684582
8.418524067987327,-28.33071084480241,1.1,1.1,-0.048389208711726556
8.832235543470038,-28.522916191899125,1.1,1.1,-0.02887062016305968
9.243784299655148,-28.719749745517685,1.1,1.1,-0.020308793764715238
9.653569738355474,-28.920244254295092,1.1,1.1,-0.017637282955205353
10.061761219809672,-29.124045850232697,1.1,1.1,-0.01574742993743587
10.468527830506009,-29.33080030033132,1.1,1.1,-0.013857485450921156
10.874038748182882,-29.54015382784245,1.1,1.1,-0.011968349153091922
11.278463241828817,-29.751752199766912,1.1,1.1,-0.010081105659344218
11.681970489182206,-29.965241548106032,1.1,1.1,-0.008195997741226296
12.084729667981458,-30.180267822360918,1.1,1.1,-0.006312934562051777
12.486909955964968,-30.39647697203266,1.1,1.1,-0.0044316848052185775
12.888680439620998,-30.61351503787248,1.1,1.1,-0.002551722597144377
13.290210570438328,-30.83102796938145,1.1,1.1,-0.0007823772778789304
13.69166925240499,-31.048661807310804,1.1,1.1,0.00046074985787199614
14.09318660820432,-31.26614535627836,1.1,1.1,0.0009270436611699191
14.494782712864623,-31.483439013728347,1.1,1.1,0.00097907482790312
14.896458478887178,-31.700543692162025,1.1,1.1,0.0009773395712242556
15.298215001273524,-31.917460395330814,1.1,1.1,0.0009755847920909327
15.700053010024716,-32.134190035736005,1.1,1.1,0.0009739667609423778
16.101973600142266,-32.350733525878894,1.1,1.1,0.0009722925898018232
16.503977592877337,-32.56709177826074,1.1,1.1,0.0009706584177557554
16.90606608323149,-32.78326579663299,1.1,1.1,0.0009690569005627427
17.308239983705995,-32.999256402246765,1.1,1.1,0.0009672439437630942
17.71050020680214,-33.2150645988535,1.1,1.1,0.0009654713380420567
18.112847665021214,-33.430691298954486,1.1,1.1,0.0009637389389923307
18.51528336211463,-33.64613741505099,1.1,1.1,0.000961994927837785
18.917808210583683,-33.861403950894456,1.1,1.1,0.000960432560942261
19.320423214179765,-34.076491727736006,1.1,1.1,0.0009586142324386564
19.723129285404177,-34.29140165807695,1.1,1.1,0.0009567395228183373
20.125927336758217,-34.506134836918825,1.1,1.1,0.000955046533529031
20.528818463243397,-34.72069199426266,1.1,1.1,0.0009530915076292096
20.93180339486077,-34.93507422510999,1.1,1.1,0.0009512799674295366
21.33488313536174,-35.14928235071199,1.1,1.1,0.0009496563341218955
21.73805877974786,-35.363317374820056,1.1,1.1,0.00094786750845102
22.141331149270275,-35.57718011868535,1.1,1.1,0.0009458744462059561
22.5447012476804,-35.790871586059296,1.1,1.1,0.0009439670019390736
22.94816998747953,-36.00439278069331,1.1,1.1,0.0009410644283934919
23.35173828116895,-36.2177444325884,1.1,1.1,0.0009257692971779639
23.755406584999303,-36.43092845799727,1.1,1.1,0.0008842240772620604
24.15917006271377,-36.643953069431525,1.1,1.1,0.0008223418702478079
24.563021414302057,-36.85683031190809,1.1,1.1,0.0007550677548556949
24.966953157253624,-37.06957195669359,1.1,1.1,0.0006878058781863167
25.370957900308067,-37.28219014005512,1.1,1.1,0.000620651842642985
25.77502825220496,-37.49469654200912,1.1,1.1,0.0005532630116233843
26.179156730433768,-37.70710329882272,1.1,1.1,0.00048593361378043725
26.58333594373406,-37.9194222730126,1.1,1.1,0.00041895299615340087
26.987558500845434,-38.13166541834564,1.1,1.1,0.0003518305837434345
27.391817010507463,-38.343844506088416,1.1,1.1,0.00028437126622690777
27.796103990209627,-38.55597167250802,1.1,1.1,0.00021710907988685562
28.200412048691494,-38.76805878012117,1.1,1.1,0.00015009359792762323
28.60473370344251,-38.9801176914446,1.1,1.1,8.293571720426775e-05
29.0090616544524,-39.19216036024513,1.1,1.1,1.5726254699079276e-05
29.413388419210616,-39.40419874028962,1.1,1.1,-5.1536127616120446e-05
29.817706606456746,-39.616244694094775,1.1,1.1,-0.00011884807261296416
30.22200873368025,-39.8283102666776,1.1,1.1,-0.0001860678898695183
30.62628750087084,-40.04040732055476,1.1,1.1,-0.00025319697358431166
31.030535334267825,-40.25254780949314,1.1,1.1,-0.0003204304809766326
31.43474502511108,-40.46474359600944,1.1,1.1,-0.00038772373730528
31.838908908389776,-40.67700672512064,1.1,1.1,-0.0004548794488125453
32.24301977534376,-40.88934896809332,1.1,1.1,-0.0005221435424380029
32.64707005221237,-41.10178236994446,1.1,1.1,-0.0005897620750310896
33.0510524389853,-41.31431879319076,1.1,1.1,-0.0006681842856321152
33.45495936190191,-41.526970465349486,1.1,1.1,-0.0007825135661676302
33.85878050969763,-41.73975764394914,1.1,1.1,-0.0009379733666831893
34.262501008601525,-41.95271254028515,1.1,1.1,-0.0011102275243722486
34.66610598484264,-42.16586791315365,1.1,1.1,-0.0012834494877259712
35.06958056465,-42.379256886351335,1.1,1.1,-0.0014567144592345525
35.4729096917524,-42.59291212742422,1.1,1.1,-0.0016300544279076296
35.87607840112874,-42.80686676016901,1.1,1.1,-0.00180326046312172
36.27907172775794,-43.02115354338184,1.1,1.1,-0.001976521995735521
36.68187479786904,-43.235805509609285,1.1,1.1,-0.0021496870955308362
37.08447255519082,-43.45085560014773,1.1,1.1,-0.002322501483154822
37.48685012595234,-43.66633657379337,1.1,1.1,-0.00249553362874581
37.888992453882345,-43.8822813718426,1.1,1.1,-0.0026686740800267927
38.2908846652099,-44.09872302684198,1.1,1.1,-0.0028414803242184546
38.69251170366381,-44.31569438883779,1.1,1.1,-0.003014073825450217
39.09385860422294,-44.53322830787634,1.1,1.1,-0.003186682345692965
39.49491058436648,-44.75135781650416,1.1,1.1,-0.003359212233244855
39.89565249657309,-44.97011576476756,1.1,1.1,-0.0035314927319109904
40.296069467071824,-45.18953509396293,1.1,1.1,-0.003703550285509662
40.69614643959144,-45.40964865413659,1.1,1.1,-0.0038754099131168515
41.09586854036098,-45.63048938658493,1.1,1.1,-0.004047208923204819
41.49522089560949,-45.8520902326044,1.1,1.1,-0.004218898122358692
41.89418835781564,-46.0744841334914,1.1,1.1,-0.004389991804977535
42.29275596195831,-46.29770393929223,1.1,1.1,-0.004560846163536957
42.6909089255167,-46.52178250005318,1.1,1.1,-0.005548640833272441
43.08863219221959,-46.74675293957092,1.1,1.1,-0.011439759920136638
43.48549670396236,-46.97319761616609,1.1,1.1,-0.025544750095110844
43.87941739530682,-47.2038976512577,1.1,1.1,-0.044730659340491495
44.267894925231055,-47.442183583289,1.1,1.1,-0.06500406083839885
44.64843004396322,-47.69138613320348,1.1,1.1,-0.08546536865918065
45.01852368423173,-47.95483602194466,1.1,1.1,-0.1052652339283653
45.37567641376451,-48.23586369670561,1.1,1.1,-0.1158341486712508
45.7176195718647,-48.53743798041988,1.1,1.1,-0.10481492231778268
46.0454172262817,-48.857291946143015,1.1,1.1,-0.07622663095088573
46.36264127204887,-49.18921912512914,1.1,1.1,-0.05117585008011714
46.67280949287331,-49.5270506436854,1.1,1.1,-0.05149682728644996
46.9752610553238,-49.8694547974352,1.1,1.1,-0.079223204287873
47.26407802356106,-50.22118580932796,1.1,1.1,-0.1114228304021946
47.53324555410926,-50.58712802499648,1.1,1.1,-0.1274158716400345
47.780093394455605,-50.968547631225015,1.1,1.1,-0.12855865055380494
48.00441951681539,-51.36404056228501,1.1,1.1,-0.12538733208890476
48.20607956348523,-51.77214033735998,1.1,1.1,-0.12241334047380192
48.38492917676167,-52.19138065813368,1.1,1.1,-0.11981181187003136
48.54082390769118,-52.62029495253948,1.1,1.1,-0.11764065348409747
48.67361958107058,-53.05741683101103,1.1,1.1,-0.11594219430466735
48.78317156544608,-53.50127999523208,1.1,1.1,-0.11474612608744965
48.8693356856145,-53.95041778188589,1.1,1.1,-0.11407330252879054
48.93196749262228,-54.40336398390632,1.1,1.1,-0.1139367518737414
48.970922628766026,-54.85865202922678,1.1,1.1,-0.11433849725904603
48.98605673634229,-55.31481552828088,1.1,1.1,-0.11460776577161817
48.97722929015309,-55.77039028150534,1.1,1.1,-0.11251594968806357
48.944855478283415,-56.22423566229287,1.1,1.1,-0.10673945799096103
48.89047724540618,-56.675866676210006,1.1,1.1,-0.09901706384996639
48.81577313763668,-57.12487789893546,1.1,1.1,-0.09109586656750421
48.72242133608971,-57.57086390614791,1.1,1.1,-0.08330677250671802
48.61210038688064,-58.01341918227596,1.1,1.1,-0.07564473987936716
48.48648865362449,-58.45213830299826,1.1,1.1,-0.06730180203338164
48.34732901377729,-58.88672662164964,1.1,1.1,-0.057209358853163826
48.1967819053834,-59.31760662632542,1.1,1.1,-0.045774652701821676
48.0371746629724,-59.74548733052475,1.1,1.1,-0.03405740013183663
47.870834621073854,-60.17107820399735,1.1,1.1,-0.02239460456645401
47.70008957046797,-60.59508889899323,1.1,1.1,-0.011086296946550325
47.527266845684345,-61.01822888526216,1.1,1.1,-0.0023389925442792612
47.35444804465622,-61.44113645745358,1.1,1.1,0.001484724514067916
47.18215338436672,-61.86399721832903,1.1,1.1,0.0018600654084355692
47.01029307468927,-62.28682011040112,1.1,1.1,0.0014733861342182883
46.8387758654953,-62.70961352868169,1.1,1.1,0.0010837063318977355
46.66751059790636,-63.13238586818253,1.1,1.1,0.0006932195599196403
46.49640593054373,-63.55514570641577,1.1,1.1,0.00030218781310394164
46.325370795779065,-63.977901438393225,1.1,1.1,-8.91245364484495e-05
46.1543138522337,-64.40066145912672,1.1,1.1,-0.0004803107638179856
45.98314403227924,-64.82343425487822,1.1,1.1,-0.0008712495360206564
45.81176999453702,-65.24622822065955,1.1,1.1,-0.0012613519225681616
45.64010048887846,-65.6690519339828,1.1,1.1,-0.001644342370744263
45.46804444767519,-66.09191369860967,1.1,1.1,-0.001977495813812069
45.29551883331023,-66.51481470079182,1.1,1.1,-0.0022169484709695262
45.12249198198895,-66.9377119617187,1.1,1.1,-0.0023929362145653763
44.94895102744321,-67.36054562130596,1.1,1.1,-0.002555944321638174
44.77488337715529,-67.78325600196952,1.1,1.1,-0.002719815458745254
44.600276347357294,-68.20578324362498,1.1,1.1,-0.0028848500862500973
44.42511725428134,-68.62806766868829,1.1,1.1,-0.0030511662592596846
44.24939350540972,-69.05004932582496,1.1,1.1,-0.003218939875322913
44.07309232572442,-69.47166862870101,1.1,1.1,-0.0033882557322465713
43.89620112270766,-69.8928657172321,1.1,1.1,-0.0035592788879299287
43.71870721259161,-70.313580822584,1.1,1.1,-0.00373239153170774
43.54059800285852,-70.73375417592247,1.1,1.1,-0.0039024039856064077
43.36186062724023,-71.15332600841333,1.1,1.1,-0.003928117065549802
43.182485321973,-71.57224138747914,1.1,1.1,-0.003531283173701151
43.00253149089054,-71.99056993696801,1.1,1.1,-0.0026960043693745593
42.82213290668136,-72.40851477966619,1.1,1.1,-0.0016962241181129524
42.64142690078898,-72.82628496961824,1.1,1.1,-0.0006868439535454654
42.46055071340677,-73.2440899258693,1.1,1.1,0.00032240941160042926
42.27964176722841,-73.66213906746445,1.1,1.1,0.001328519629670088
42.098837302447286,-74.0806415396984,1.1,1.1,0.0023289839754872736
41.91827474175703,-74.49980676161628,1.1,1.1,0.0033210609857916564
41.73809132535106,-74.91984406101305,1.1,1.1,0.004302000254952507
41.558424475923,-75.34096276568367,1.1,1.1,0.005268978378911654
41.379411433666256,-75.76337220342313,1.1,1.1,0.0059804549757056825
41.20118943877422,-76.1872816107763,1.1,1.1,0.0004198669803349212
41.0237335799618,-76.61276590409871,1.1,1.1,-0.022822739087800647
40.843071465381264,-77.0366307813891,1.1,1.1,-0.06475212789167677
40.65116295495282,-77.45231325964927,1.1,1.1,-0.11604723076531635
40.43978121083363,-77.85309550441272,1.1,1.1,-0.17158386867661893
40.20069939518081,-78.23225977246314,1.1,1.1,-0.22925060920639845
39.92569076140161,-78.58308850308444,1.1,1.1,-0.27837041897150805
39.60653175665778,-78.89886349680968,1.1,1.1,-0.2988864964748706
39.23959829084244,-79.17245346483978,1.1,1.1,-0.29741148274783535
38.83499293944165,-79.39549332538704,1.1,1.1,-0.29950232309788755
38.40536808028455,-79.55938905009117,1.1,1.1,-0.286596417092971
37.96228692966546,-79.65985206540891,1.1,1.1,-0.21291805352312382
37.51155180951077,-79.71537557865004,1.1,1.1,-0.10029767718716673
37.05706567032034,-79.75195355769401,1.1,1.1,-0.016761288916607053
36.60188256264775,-79.7895090993655,1.1,1.1,0.012451283258314327
36.14661559610701,-79.83047283333964,1.1,1.1,0.012947233567066271
35.691441065946506,-79.87414569238139,1.1,1.1,0.00969656090538556
35.236535358664824,-79.91982915675636,1.1,1.1,0.006463519513117034
34.78207495201064,-79.96682425047965,1.1,1.1,0.00346949966009883
34.328236049982245,-80.01443245381687,1.1,1.1,0.0016044981875801758
33.87507531890952,-80.06216539607989,1.1,1.1,0.001419044592065846
33.422311343395855,-80.11012801491655,1.1,1.1,0.0021330943994696426
32.9696038517118,-80.15852927312135,1.1,1.1,0.002957722256755768
32.516612389627575,-80.20757822473881,1.1,1.1,0.003767937081510884
32.062996320413184,-80.25748383256344,1.1,1.1,0.003174340695113221
31.60841546358928,-80.30845359938763,1.1,1.1,-0.003977377371867251
31.15273778021975,-80.35951078383499,1.1,1.1,-0.02069493337370988
30.69640674592957,-80.4063983849068,1.1,1.1,-0.04265788238821156
30.23996539023393,-80.44429584081011,1.1,1.1,-0.06575550521385284
29.78395628639739,-80.46838268100214,1.1,1.1,-0.08949559992018923
29.328922190184795,-80.47383825243986,1.1,1.1,-0.11329551524091956
28.87540594861107,-80.4558419933304,1.1,1.1,-0.13235341537333078
28.424032625057063,-80.40991753736581,1.1,1.1,-0.14097859887940048
27.976190590229177,-80.33477424272743,1.1,1.1,-0.14162304660495134
27.53368139541608,-80.23084700752807,1.1,1.1,-0.13405493215752545
27.098196270500964,-80.09882595649022,1.1,1.1,-0.10873619951303821
26.66921800975502,-79.94399967331633,1.1,1.1,-0.06733733135691779
26.24423431463803,-79.77581053881212,1.1,1.1,-0.029290409010386532
25.820826965492348,-79.60321867685383,1.1,1.1,-0.00962647040948977
25.39805873224728,-79.42953756211057,1.1,1.1,-0.004223329894404131
24.97577193468063,-79.25510819631292,1.1,1.1,-0.0025253056040729642
24.55381582757997,-79.08024539240452,1.1,1.1,-0.0008568492783934395
24.132039665732883,-78.90526368957853,1.1,1.1,0.0008139144302216642
23.71029270392694,-78.73047780952851,1.1,1.1,0.0024864689344051677
23.288424288199845,-78.55620238269779,1.1,1.1,0.004160156838991487
22.8662836733392,-78.38275213077988,1.1,1.1,0.005834108546266995
22.44372011413255,-78.21044168421813,1.1,1.1,0.007507539271747753
22.020582774117344,-78.03958558220575,1.1,1.1,0.009179830339862234
21.59672118183157,-77.87049863768641,1.1,1.1,0.010636873617272908
21.171984318312408,-77.70349548110343,1.1,1.1,0.009847001801375242
20.74629133594592,-77.53872777017052,1.1,1.1,0.004287947170577002
20.32015679420721,-77.37495349938754,1.1,1.1,-0.004935555008031552
19.894397746747625,-77.21022320100737,1.1,1.1,-0.015098854550210596
19.469833619721875,-77.04258184102508,1.1,1.1,-0.025278733778156426
19.047283930534757,-76.87007447668582,1.1,1.1,-0.03545127819028019
18.62756792284075,-76.69074598273457,1.1,1.1,-0.04516294713738288
18.211507851548507,-76.50265026767894,1.1,1.1,-0.05343465473289447
17.80005746300201,-76.30427540813844,1.1,1.1,-0.06019256915539245
17.39435948256154,-76.09473281036088,1.1,1.1,-0.06649401054029196
16.99557141810819,-75.87318196941189,1.1,1.1,-0.07295796030768224
16.604850503772692,-75.63878247160717,1.1,1.1,-0.07956237052880165
16.223354247436152,-75.39069390326245,1.1,1.1,-0.08490271946741514
15.852224735707932,-75.1280931882179,1.1,1.1,-0.08570599846654174
15.491891665443552,-74.85098123897481,1.1,1.1,-0.08119997871306488
15.141782989586916,-74.56051647591555,1.1,1.1,-0.07445581418249085
14.80125156222608,-74.25794418954494,1.1,1.1,-0.06756961224981885
14.469650146198992,-73.94450967036778,1.1,1.1,-0.06076074231711498
14.146331595593724,-73.62145839138915,1.1,1.1,-0.05408030025852918
13.830648673248232,-73.29003564311384,1.1,1.1,-0.04755369155955379
13.521954233250582,-72.95148680729677,1.1,1.1,-0.04118443751919487
13.219601129688836,-72.60705708319264,1.1,1.1,-0.03495891516600787
12.922942034150818,-72.25799203505663,1.1,1.1,-0.028850091046171537
12.631329891974728,-71.9055368621434,1.1,1.1,-0.02281419803931536
12.344117557248644,-71.5509368549578,1.1,1.1,-0.016625379942952836
12.06064556529328,-71.1954278139912,1.1,1.1,-0.009777671411589132
11.77973669819974,-70.83982770539629,1.1,1.1,-0.002112765218694043
11.499512572071112,-70.48439002203027,1.1,1.1,0.005892494900498753
11.21804498044025,-70.12932801544362,1.1,1.1,0.013819259391762657
10.933405716840014,-69.77485475468661,1.1,1.1,0.021487433710159945
10.643666483553142,-69.42118349130975,1.1,1.1,0.026105020413019635
10.346899165362624,-69.06852756811364,1.1,1.1,0.014667415186082906
10.04344823150387,-68.71636366561086,1.1,1.1,-0.022354969719789595
9.742984461854489,-68.36114680755601,1.1,1.1,-0.07604794437259123
9.457571123413464,-67.99855693911144,1.1,1.1,-0.1371794110602693
9.199271300679529,-67.62427391418944,1.1,1.1,-0.20534660201920069
8.98014826065167,-67.23397767795238,1.1,1.1,-0.272541728449268
8.812264996578484,-66.82334808431251,1.1,1.1,-0.30179836826835343
8.703973815229654,-66.39022287022287,1.1,1.1,-0.2695738250866424
8.648902811376193,-65.94100231970246,1.1,1.1,-0.21110873416435558
8.637028249643121,-65.48421028976266,1.1,1.1,-0.1538821942931773
8.657949805374791,-65.02749673493345,1.1,1.1,-0.09297523852282094
8.698573906370362,-64.57226051968604,1.1,1.1,-0.029716636415147005
8.744633686275629,-64.11717778715489,1.1,1.1,0.013027088319812237
8.784991154395476,-63.66125281593691,1.1,1.1,0.01953353085099911
8.820555435760978,-63.20479512646826,1.1,1.1,0.0046768451394549534
8.855129926981725,-62.74842759212663,1.1,1.1,-0.013672929585730405
8.89251793341714,-62.29277308628977,1.1,1.1,-0.032154750185433435
8.936522942926926,-61.83845466483566,1.1,1.1,-0.04971785160567943
8.99094835212065,-61.38609520114203,1.1,1.1,-0.06095039513381285
9.05867803006212,-60.93616299086877,1.1,1.1,-0.06152035249515206
9.139135184688548,-60.4885441538554,1.1,1.1,-0.05569926662869231
9.230928799039784,-60.04298784349845,1.1,1.1,-0.04878833970683051
9.332667582405278,-59.59924303069417,1.1,1.1,-0.04185138939893218
9.44296042657476,-59.15705896008922,1.1,1.1,-0.03493270757088025
9.560416132087804,-58.716184602579865,1.1,1.1,-0.02805752286733018
9.683643681984258,-58.27636929406286,1.1,1.1,-0.021235429873921064
9.811251876803713,-57.83736191418435,1.1,1.1,-0.01446413505113237
9.94184960833588,-57.398911707590976,1.1,1.1,-0.007732602831279784
10.074045585870222,-56.96076782767928,1.1,1.1,-0.0010235740460860265
10.206448883696709,-56.52267924534549,1.1,1.1,0.005591375455231988
10.337668211104798,-56.08439520523629,1.1,1.1,0.010825801478204115
10.466389018742094,-55.645678639517584,1.1,1.1,0.012703333884019077
10.592301968672691,-55.20647543686314,1.1,1.1,0.011636889575342667
10.715804363956442,-54.7668598748776,1.1,1.1,0.00966926565685774
10.83730819892392,-54.32690896866952,1.1,1.1,0.007675268024341814
10.957225559155807,-53.88669964209728,1.1,1.1,0.005674729880693888
11.075968530232808,-53.446309001519545,1.1,1.1,0.0036696565645124124
11.193949197735602,-53.00581406204485,1.1,1.1,0.0016614895525643627
11.31157955599476,-52.56529165628144,1.1,1.1,-0.00034872674116065053
11.42927169059097,-52.1248189818381,1.1,1.1,-0.0023595217039563327
11.547437687104926,-51.68447287132311,1.1,1.1,-0.004369628833005911
11.666489539867184,-51.244330431095136,1.1,1.1,-0.006242193118921373
11.78683942570857,-50.80446858501256,1.1,1.1,-0.006148667077849615
11.908791116307148,-50.36493259313915,1.1,1.1,-0.0013888072637194013
12.031297972688026,-49.92537105122975,1.1,1.1,0.00736605049556841
12.152396200833945,-49.48516309340944,1.1,1.1,0.017279937239014272
12.27010448670291,-49.04368283504627,1.1,1.1,0.027160880535552746
12.382441790003352,-48.60030430025813,1.1,1.1,0.036976629102273985
12.487426614193016,-48.1544016956632,1.1,1.1,0.049829024071561784
12.583052368944326,-47.7053580791421,1.1,1.1,0.07519758255392205
12.664374027288977,-47.25360962630947,1.1,1.1,0.11864824246903051
12.720808490563757,-46.80161306437723,1.1,1.1,0.1747732033831469
12.74113445670615,-46.35205361087922,1.1,1.1,0.23704764673230047
12.714130897404011,-45.90761648334938,1.1,1.1,0.29938792322181124
12.62857651059479,-45.4709870818218,1.1,1.1,0.34089539301222976
12.473328286826312,-45.04489935139905,1.1,1.1,0.3391223764085142
12.245238096662376,-44.63707697671499,1.1,1.1,0.3205908715543712
11.955959676524852,-44.264481075420406,1.1,1.1,0.3207272982613826
11.618749845094657,-43.94507049407206,1.1,1.1,0.3140942152365136
11.246447221713344,-43.6882332283991,1.1,1.1,0.2433757695800725
10.85055616634233,-43.47603607313087,1.1,1.1,0.13222509986228717
10.44227717601482,-43.28519820046114,1.1,1.1,0.05346004856411381
10.029268874022987,-43.10006364332824,1.1,1.1,0.0247940181420006
9.61287172475575,-42.9185801863403,1.1,1.1,0.01850760302901488
9.193772932931491,-42.74010232608772,1.1,1.1,0.01422572827989043
8.772659338268054,-42.563984650410994,1.1,1.1,0.010037126925370761
8.35021823673397,-42.3895819296509,1.1,1.1,0.006248922165150408
7.927133821793351,-42.2162511241513,1.1,1.1,0.0037430688800231095
7.503860245336181,-42.04355614954768,1.1,1.1,0.0028039815701073473
7.080448059933687,-41.87142409698731,1.1,1.1,0.0025670889703329324
6.656907029349623,-41.69981837516862,1.1,1.1,0.0023890029594849506
6.233246917347766,-41.52870257529029,1.1,1.1,0.0022107111421835754
5.809477670192115,-41.35804037980117,1.1,1.1,0.002032068752156228
5.385608777896049,-41.18779510614955,1.1,1.1,0.0018533983349470022
4.961650277973714,-41.0179305280344,1.1,1.1,0.0016746189170138777
4.537611842938738,-40.848410145404266,1.1,1.1,0.0014954008808331697
4.113503145304752,-40.67919754945785,1.1,1.1,0.001316006263290895
3.6893341313357695,-40.51025614889358,1.1,1.1,0.0011366146598327527
3.265114473545422,-40.34154971741044,1.1,1.1,0.0009570387511643158
2.8408540269475977,-40.1730415724567,1.1,1.1,0.0007775594372293298
2.4165624640559265,-40.00469548773134,1.1,1.1,0.0005978472849334538
1.9922496398842933,-39.836474963182894,1.1,1.1,0.0004178564551211595
1.5679253181964576,-39.66834349875996,1.1,1.1,0.0002380096239831031
1.1435992627561793,-39.50026468566122,1.1,1.1,5.8260875846772733e-05
0.7192813285773437,-39.332202115085366,1.1,1.1,-0.00012167993729010527
0.2949810969234593,-39.1641193782311,1.1,1.1,-0.0003018568974404532
-0.1292914859414687,-38.99597988379685,1.1,1.1,-0.0004816860885455518
-0.5535266562536751,-38.82774731423143,1.1,1.1,-0.00066151877362563
-0.9777147414995314,-38.65938526073357,1.1,1.1,-0.0008415006939663304
-1.4018458866651522,-38.49085713200167,1.1,1.1,-0.0010213724173710511
-1.8259103279867723,-38.3221267017347,1.1,1.1,-0.001193064220262565
-2.249898210450512,-38.15315728738097,1.1,1.1,-0.0013055407464755814
-2.6738017777954424,-37.983919232648674,1.1,1.1,-0.001311197140029026
-3.0976223075233555,-37.81441710004427,1.1,1.1,-0.0012472871149614908
-3.5213644533908144,-37.644666402089584,1.1,1.1,-0.001169461089713827
-3.94503268665412,-37.474682742556624,1.1,1.1,-0.0010915648497170985
-4.368631478569571,-37.30448190771763,1.1,1.1,-0.0010140218644345356
-4.792165482893728,-37.134079318844336,1.1,1.1,-0.000936342717069707
-5.2156391708828895,-36.963490579708726,1.1,1.1,-0.000858465385906581
-5.639057105043488,-36.79273147658304,1.1,1.1,-0.0007809150836696328
-6.062423665381692,-36.62181752198915,1.1,1.1,-0.0007034040767324017
-6.485743505654054,-36.45076431969904,1.1,1.1,-0.0006257678175914548
-6.909021097116886,-36.279587473484696,1.1,1.1,-0.0005481270383907454
-7.332261093526739,-36.10830258711811,1.1,1.1,-0.00047043867964335044
-7.755467783639664,-35.93692535562139,1.1,1.1,-0.0003928812368782715
-8.178645912462336,-35.76547138276653,1.1,1.1,-0.00031543270388348143
-8.601799860000932,-35.5939561810754,1.1,1.1,-0.0002379289716133004
-9.024934280012014,-35.42239544557008,1.1,1.1,-0.00016032643767732876
-9.44805355250175,-35.25080468877248,1.1,1.1,-8.258143277989938e-05
-9.871162331226705,-35.079199696954824,1.1,1.1,-5.077834962324195e-06
-10.29426508744316,-34.90759598263895,1.1,1.1,7.232942495296826e-05
-10.71736629240744,-34.736009149596875,1.1,1.1,0.0001498868378084204
-11.140470599876084,-34.564454801600576,1.1,1.1,0.00022751472362074498
-11.56358238985528,-34.392948542422026,1.1,1.1,0.0003051964970895983
-11.98670631610157,-34.221506067083375,1.1,1.1,0.000382202614383028
-12.40984684987127,-34.050142888106464,1.1,1.1,0.00044834075264746885
-12.833008371170536,-33.87887424426276,1.1,1.1,0.00048494222009797005
-13.256193982503756,-33.70770697931192,1.1,1.1,0.0004929051946877553
-13.679405326373232,-33.53664008950252,1.1,1.1,0.0004915770002870854
-14.102644136531415,-33.36567257108315,1.1,1.1,0.0004900568729029985
-14.525911964230492,-33.194803511552536,1.1,1.1,0.0004881632777832444
-14.94921045197277,-33.02403172465898,1.1,1.1,0.0004863429552198345
-15.372541333510693,-32.85335611540096,1.1,1.1,0.00048467624816251497
-15.79590625134658,-32.68277568002704,1.1,1.1,0.0004829193923539489
-16.219306847982747,-32.51228932353571,1.1,1.1,0.00048119534195056093
-16.642744674671373,-32.34189604217551,1.1,1.1,0.0004794431972771151
-17.066221556415034,-32.17159474094496,1.1,1.1,0.00047794668281026995
-17.48973904446592,-32.001384324842455,1.1,1.1,0.0005983125579211641
-17.913298872576465,-31.831264063867007,1.1,1.1,0.0012686934718900312
-18.33694821706315,-31.66132365689499,1.1,1.1,0.0027226790522575863
-18.76084922940448,-31.49188284437699,1.1,1.1,0.004578097082687221
-19.18518194610414,-31.323297319314214,1.1,1.1,0.006477762796801693
-19.61012649491597,-31.155922409707383,1.1,1.1,0.008367501848852554
-20.035862821093534,-30.99011371730759,1.1,1.1,0.00829155176984357
-20.46256904488784,-30.82622292011041,1.1,1.1,-0.0005212230256711568
-20.88967485299521,-30.66314552655941,1.1,1.1,-0.021720894283282936
-21.31474952449041,-30.496157243747405,1.1,1.1,-0.049484810994531496
-21.73507800304748,-30.31998080298788,1.1,1.1,-0.07840836585876068
-22.147945414840777,-30.129338753094085,1.1,1.1,-0.1075438413424632
-22.55063661229424,-29.918953825379543,1.1,1.1,-0.13543827616246723
-22.94043243282613,-29.683553039913864,1.1,1.1,-0.15995750101034673
-23.313295696997475,-29.419208534912045,1.1,1.1,-0.18350239057456882
-23.662014907146148,-29.12523328815597,1.1,1.1,-0.20829559180541599
-23.97891045245041,-28.801418063100822,1.1,1.1,-0.218884095701442
-24.258653781651528,-28.448507004545203,1.1,1.1,-0.19606937464120675
-24.506012713968072,-28.07133846805708,1.1,1.1,-0.15168658186345527
-24.72846437618648,-27.67584927825234,1.1,1.1,-0.11440520648828831
-24.93273143902999,-27.26760697047654,1.1,1.1,-0.09940301936302767
-25.11963168615101,-26.849291469756043,1.1,1.1,-0.10098622473367501
-25.287202327283666,-26.42222252670061,1.1,1.1,-0.10736585997630112
-25.433464420889308,-25.987712044408926,1.1,1.1,-0.1147949846956754
-25.55643902542933,-25.547071834729515,1.1,1.1,-0.12284468329220594
-25.654147290615207,-25.101613800761047,1.1,1.1,-0.12825249243704884
-25.724919886594613,-24.652608326793693,1.1,1.1,-0.12665145022446025
-25.769443379335023,-24.20100861167065,1.1,1.1,-0.1192666753134201
-25.789486378828677,-23.747622766530696,1.1,1.1,-0.11025290972687747
-25.786823243825907,-23.293257898761144,1.1,1.1,-0.10120141385160399
-25.76322824182694,-22.838721024499208,1.1,1.1,-0.09222954278860551
-25.720475822832245,-22.38481943363248,1.1,1.1,-0.08251271178350277
-25.66042776321535,-21.93229553720713,1.1,1.1,-0.07088833101359233
-25.585593806512872,-21.48141231809376,1.1,1.1,-0.057849897123477614
-25.498774601671336,-21.032217500109585,1.1,1.1,-0.0446359036500849
-25.402772257639363,-20.584757894570604,1.1,1.1,-0.03161395078651293
-25.30038888336553,-20.139080221542624,1.1,1.1,-0.019784368382490498
-25.19442649654833,-19.695231201091502,1.1,1.1,-0.018031531852095432
-25.086776803603456,-19.253345700907285,1.1,1.1,-0.03680082378771924
-24.97273093289539,-18.81419788708089,1.1,1.1,-0.06997976071496825
-24.84467004618802,-18.37884361485016,1.1,1.1,-0.09660973439169597
-24.6954453346576,-17.94832277068049,1.1,1.1,-0.09970206250996502
-24.52482009547055,-17.52342740568796,1.1,1.1,-0.08372423244947419
-24.33772575932603,-17.104764424477825,1.1,1.1,-0.06427687552652861
-24.139175334538127,-16.692901950350635,1.1,1.1,-0.048707291697915184
-23.93264691100801,-16.28718581113457,1.1,1.1,-0.03642690382924763
-23.71970022718358,-15.885433577504266,1.1,1.1,-0.026187031971259475
-23.501771012588005,-15.485372665007278,1.1,1.1,-0.02052918039595847
-23.27980470980355,-15.085802313201572,1.1,1.1,-0.02118596647086489
-23.053707878698557,-14.687792247344548,1.1,1.1,-0.025522135920369386
-22.823238523932,-14.292696801844672,1.1,1.1,-0.031905732517348975
-22.5875995756307,-13.901707064630363,1.1,1.1,-0.040100536524141354
-22.34531196046041,-13.515813829597809,1.1,1.1,-0.04900245240209748
-22.094855268778648,-13.135995571875815,1.1,1.1,-0.057930393574844
-21.83470881719253,-12.76323076659322,1.1,1.1,-0.06670092080364648
-21.56335192230918,-12.398497706378585,1.1,1.1,-0.0735069677478906
-21.27930195203936,-12.04275743758616,1.1,1.1,-0.0748244282240699
-20.98232448480271,-11.696393028255764,1.1,1.1,-0.07054541566209703
-20.673689722389145,-11.359091125445817,1.1,1.1,-0.06433535880320702
-20.354757200464466,-11.030497039906528,1.1,1.1,-0.05827089611040568
-20.02688672844485,-10.710256082388064,1.1,1.1,-0.05248107963034285
-19.691437750745965,-10.39801328989023,1.1,1.1,-0.04741405069366412
-19.34975401676135,-10.093415798165807,1.1,1.1,-0.043943232484176996
-19.00267365892207,-9.79616220804006,1.1,1.1,-0.04202086112077478
-18.65043657381617,-9.506012075424168,1.1,1.1,-0.04063451431487525
-18.29324798298284,-9.22272897123497,1.1,1.1,-0.039232649884395794
-17.931313199211402,-8.94607610138878,1.1,1.1,-0.03779341172506744
-17.564837535291172,-8.675816763052056,1.1,1.1,-0.03632476813178517
-17.19402639526159,-8.411714344641377,1.1,1.1,-0.03483337693986367
-16.819084909411718,-8.153532143323186,1.1,1.1,-0.03332507784508279
-16.440218573031135,-7.901033547514073,1.1,1.1,-0.031805678416248824
-16.057632698909156,-7.65398176313034,1.1,1.1,-0.03028004017882324
-15.671532417334836,-7.412140178588578,1.1,1.1,-0.028752246953944693
-15.282123223597756,-7.175271999805109,1.1,1.1,-0.027225803213074974
-14.889610247986967,-6.943140797696754,1.1,1.1,-0.025703114196761197
-14.49419898579206,-6.715509686929727,1.1,1.1,-0.02418682036124785
-14.096094658552204,-6.492142055920586,1.1,1.1,-0.022678800258857598
-13.695502579056727,-6.272801201835796,1.1,1.1,-0.021179896536526327
-13.29262806009494,-6.057250513091925,1.1,1.1,-0.019690852781344165
-12.88767632320604,-5.845253195605299,1.1,1.1,-0.018211998112730134
-12.480852863679592,-5.636572729042613,1.1,1.1,-0.01674311834658582
-12.072362903054795,-5.430972319320206,1.1,1.1,-0.015283860785477207
-11.662411754120962,-5.2282152636045245,1.1,1.1,-0.01383366898231046
-11.2512047296674,-5.028064950312133,1.1,1.1,-0.012391007091270875
-10.838947051233315,-4.830284767859632,1.1,1.1,-0.010954323158649245
-10.425844214108269,-4.634637922163312,1.1,1.1,-0.009576557687137235
-10.012101348581322,-4.440887710389643,1.1,1.1,-0.00848746911473706
-9.597881153631745,-4.248827268497126,1.1,1.1,-0.007843996922490243
-9.183204616789114,-4.0583477350823385,1.1,1.1,-0.007448580220423875
-8.768063616791983,-3.869360597520581,1.1,1.1,-0.00708622591381981
-8.35244994112878,-3.6817774344372287,1.1,1.1,-0.006720272429244305
-7.936355377287935,-3.49550973320756,1.1,1.1,-0.006351145840066877
-7.519771895258124,-3.3104690724569843,1.1,1.1,-0.00597935167958073
-7.102691100027527,-3.1265669395607683,1.1,1.1,-0.00560493602016716
-6.685104870334696,-2.94371491314431,1.1,1.1,-0.0052284267800432665
-6.267005084918183,-2.761824389332756,1.1,1.1,-0.004850450685094731
-5.84838362251655,-2.580807129251768,1.1,1.1,-0.004470912932633363
-5.429232088117962,-2.4005744377763487,1.1,1.1,-0.004052077369717797
-5.009542451711107,-2.2210378935319084,1.1,1.1,-0.0031278440017976144
-4.58932548081116,-2.0420825213564355,1.1,1.1,-0.0010426213319687985
-4.168803643231604,-1.8632948669173028,1.1,1.1,0.002006694127312329
-3.748332631973677,-1.684074321868155,1.1,1.1,0.005330343375690496
-3.328270330041676,-1.5038172666084082,1.1,1.1,0.008660789326903269
-2.9089742554394147,-1.3219201727875975,1.1,1.1,0.01188681551576311
-2.4908021999210592,-1.1377796033053906,1.1,1.1,0.013664702216574936
-2.0740677901785745,-0.9508753411787108,1.1,1.1,0.012101288516051205
-1.6586009359722649,-0.7616004007113876,1.1,1.1,0.0077576651000171555
-1.2439333416422351,-0.5709109920008606,1.1,1.1,0.0026191320542702993
-0.8295924227725421,-0.3797714464060236,1.1,1.1,-0.0006137145144432617
-0.4151055036971098,-0.1891462777860217,1.1,1.1,-0.0012691792434009906
