x,y
4.680000,0.690000
4.686894,0.696935
4.693871,0.703775
4.700930,0.710524
4.708069,0.717181
4.715289,0.723748
4.722586,0.730228
4.729960,0.736620
4.737409,0.742927
4.744932,0.749150
4.752529,0.755290
4.760196,0.761349
4.767934,0.767328
4.775740,0.773229
4.783613,0.779052
4.791553,0.784799
4.799557,0.790472
4.807625,0.796072
4.815755,0.801600
4.823945,0.807058
4.832195,0.812447
4.840502,0.817768
4.848867,0.823024
4.857286,0.828215
4.865760,0.833342
4.874286,0.838407
4.882864,0.843412
4.891492,0.848358
4.900168,0.853245
4.908892,0.858077
4.917661,0.862853
4.926475,0.867575
4.935333,0.872246
4.944232,0.876865
4.953172,0.881435
4.962152,0.885957
4.971169,0.890432
4.980223,0.894861
4.989312,0.899247
4.998436,0.903590
5.007591,0.907892
5.016778,0.912154
5.025995,0.916377
5.035241,0.920563
5.044514,0.924714
5.053812,0.928831
5.063136,0.932914
5.072482,0.936966
5.081851,0.940988
5.091240,0.944981
5.100648,0.948947
5.110074,0.952886
5.119517,0.956801
5.128975,0.960693
5.138446,0.964563
5.147931,0.968413
5.157426,0.972243
5.166932,0.976056
5.176446,0.979852
5.185967,0.983633
5.195494,0.987401
5.205025,0.991157
5.214560,0.994902
5.224097,0.998637
5.233634,1.002365
5.243170,1.006086
5.252704,1.009801
5.262235,1.013513
5.271761,1.017222
5.281280,1.020931
5.290792,1.024639
5.300296,1.028349
5.309789,1.032062
5.319270,1.035780
5.328739,1.039503
5.338194,1.043234
5.347634,1.046972
5.357060,1.050718
5.366472,1.054472
5.375870,1.058235
5.385254,1.062006
5.394624,1.065786
5.403979,1.069576
5.413322,1.073375
5.422650,1.077184
5.431964,1.081003
5.441265,1.084833
5.450553,1.088673
5.459827,1.092524
5.469087,1.096386
5.478334,1.100260
5.487568,1.104145
5.496789,1.108043
5.505996,1.111953
5.515191,1.115875
5.524372,1.119810
5.533540,1.123759
5.542696,1.127721
5.551838,1.131696
5.560968,1.135686
5.570086,1.139689
5.579190,1.143708
5.588282,1.147741
5.597362,1.151789
5.606429,1.155852
5.615484,1.159931
5.624527,1.164026
5.633557,1.168137
5.642575,1.172265
5.651582,1.176409
5.660576,1.180570
5.669558,1.184749
5.678528,1.188945
5.687487,1.193159
5.696434,1.197390
5.705369,1.201641
5.714293,1.205910
5.723205,1.210198
5.732105,1.214505
5.740995,1.218831
5.749873,1.223178
5.758739,1.227544
5.767595,1.231931
5.776439,1.236338
5.785272,1.240766
5.794095,1.245215
5.802906,1.249686
5.811707,1.254178
5.820497,1.258692
5.829276,1.263229
5.838044,1.267788
5.846802,1.272370
5.855549,1.276974
5.864286,1.281603
5.873013,1.286254
5.881729,1.290930
5.890435,1.295630
5.899132,1.300352
5.907818,1.305098
5.916496,1.309866
5.925164,1.314655
5.933824,1.319465
5.942475,1.324295
5.951119,1.329145
5.959754,1.334014
5.968382,1.338902
5.977003,1.343807
5.985617,1.348729
5.994225,1.353668
6.002826,1.358622
6.011421,1.363592
6.020011,1.368576
6.028596,1.373575
6.037175,1.378586
6.045750,1.383611
6.054320,1.388648
6.062886,1.393696
6.071448,1.398755
6.080007,1.403824
6.088563,1.408903
6.097115,1.413991
6.105665,1.419087
6.114213,1.424191
6.122759,1.429303
6.131303,1.434420
6.139845,1.439544
6.148387,1.444673
6.156928,1.449806
6.165468,1.454944
6.174008,1.460085
6.182548,1.465229
6.191089,1.470374
6.199631,1.475522
6.208173,1.480670
6.216717,1.485819
6.225262,1.490967
6.233810,1.496114
6.242359,1.501260
6.250911,1.506403
6.259466,1.511544
6.268025,1.516681
6.276586,1.521814
6.285152,1.526942
6.293721,1.532065
6.302295,1.537182
6.310873,1.542293
6.319457,1.547396
6.328046,1.552491
6.336640,1.557578
6.345240,1.562656
6.353847,1.567724
6.362460,1.572782
6.371079,1.577829
6.379706,1.582864
6.388340,1.587887
6.396982,1.592897
6.405632,1.597894
6.414290,1.602877
6.422957,1.607845
6.431633,1.612797
6.440318,1.617734
6.449013,1.622654
6.457717,1.627557
6.466431,1.632442
6.475156,1.637309
6.483892,1.642157
6.492638,1.646985
6.501394,1.651796
6.510160,1.656591
6.518933,1.661369
6.527715,1.666134
6.536504,1.670884
6.545299,1.675623
6.554099,1.680350
6.562905,1.685067
6.571715,1.689775
6.580528,1.694476
6.589345,1.699169
6.598163,1.703857
6.606983,1.708540
6.615804,1.713220
6.624625,1.717897
6.633445,1.722573
6.642263,1.727249
6.651080,1.731926
6.659894,1.736605
6.668705,1.741287
6.677511,1.745974
6.686312,1.750665
6.695108,1.755363
6.703898,1.760069
6.712680,1.764783
6.721455,1.769507
6.730222,1.774242
6.738979,1.778989
6.747727,1.783749
6.756464,1.788523
6.765190,1.793313
6.773904,1.798118
6.782606,1.802942
6.791294,1.807784
6.799968,1.812645
6.808628,1.817527
6.817272,1.822432
6.825900,1.827359
6.834511,1.832310
6.843105,1.837287
6.851680,1.842290
6.860237,1.847320
6.868773,1.852379
6.877290,1.857467
6.885785,1.862586
6.894259,1.867737
6.902710,1.872921
6.911139,1.878139
6.919543,1.883391
6.927923,1.888681
6.936277,1.894007
6.944607,1.899371
6.952911,1.904771
6.961191,1.910208
6.969447,1.915681
6.977679,1.921189
6.985887,1.926732
6.994072,1.932309
7.002233,1.937921
7.010373,1.943566
7.018489,1.949244
7.026584,1.954955
7.034657,1.960697
7.042708,1.966472
7.050739,1.972278
7.058748,1.978114
7.066737,1.983981
7.074706,1.989878
7.082654,1.995803
7.090584,2.001758
7.098494,2.007742
7.106385,2.013753
7.114257,2.019792
7.122111,2.025857
7.129947,2.031950
7.137766,2.038068
7.145566,2.044212
7.153350,2.050381
7.161117,2.056575
7.168868,2.062794
7.176602,2.069036
7.184321,2.075301
7.192024,2.081589
7.199712,2.087899
7.207385,2.094232
7.215043,2.100586
7.222687,2.106961
7.230317,2.113356
7.237934,2.119772
7.245537,2.126207
7.253127,2.132661
7.260704,2.139134
7.268269,2.145625
7.275822,2.152133
7.283363,2.158659
7.290892,2.165202
7.298410,2.171762
7.305918,2.178337
7.313415,2.184927
7.320902,2.191532
7.328378,2.198152
7.335845,2.204786
7.343303,2.211434
7.350752,2.218094
7.358192,2.224767
7.365624,2.231453
7.373048,2.238150
7.380464,2.244858
7.387873,2.251577
7.395274,2.258306
7.402669,2.265045
7.410057,2.271794
7.417439,2.278551
7.424815,2.285317
7.432186,2.292091
7.439551,2.298872
7.446912,2.305661
7.454267,2.312456
7.461619,2.319257
7.468966,2.326063
7.476310,2.332875
7.483650,2.339692
7.490988,2.346513
7.498322,2.353337
7.505654,2.360165
7.512984,2.366996
7.520313,2.373829
7.527639,2.380664
7.534965,2.387501
7.542289,2.394339
7.549613,2.401177
7.556937,2.408015
7.564261,2.414853
7.571585,2.421690
7.578910,2.428525
7.586236,2.435359
7.593563,2.442191
7.600891,2.449019
7.608222,2.455845
7.615555,2.462667
7.622890,2.469485
7.630229,2.476298
7.637570,2.483107
7.644915,2.489909
7.652264,2.496706
7.659616,2.503496
7.666974,2.510280
7.674335,2.517056
7.681702,2.523824
7.689075,2.530584
7.696453,2.537335
7.703837,2.544077
7.711227,2.550809
7.718624,2.557532
7.726027,2.564243
7.733438,2.570943
7.740857,2.577632
7.748283,2.584309
7.755717,2.590973
7.763160,2.597625
7.770612,2.604263
7.778073,2.610887
7.785543,2.617496
7.793023,2.624091
7.800513,2.630671
7.808013,2.637235
7.815524,2.643783
7.823046,2.650314
7.830579,2.656828
7.838123,2.663324
7.845680,2.669802
7.853249,2.676262
7.860830,2.682703
7.868424,2.689124
7.876031,2.695525
7.883652,2.701906
7.891286,2.708266
7.898935,2.714605
7.906598,2.720922
7.914275,2.727217
7.921968,2.733489
7.929676,2.739738
7.937399,2.745964
7.945137,2.752168
7.952888,2.758352
7.960652,2.764519
7.968427,2.770671
7.976212,2.776810
7.984006,2.782937
7.991808,2.789056
7.999617,2.795168
8.007431,2.801275
8.015251,2.807380
8.023073,2.813484
8.030898,2.819590
8.038724,2.825700
8.046550,2.831815
8.054375,2.837939
8.062198,2.844073
8.070018,2.850219
8.077834,2.856380
8.085644,2.862557
8.093447,2.868752
8.101243,2.874969
8.109030,2.881208
8.116807,2.887473
8.124573,2.893764
8.132327,2.900085
8.140068,2.906437
8.147794,2.912822
8.155505,2.919243
8.163200,2.925702
8.170876,2.932201
8.178534,2.938741
8.186172,2.945325
8.193791,2.951953
8.201390,2.958623
8.208971,2.965335
8.216533,2.972086
8.224079,2.978876
8.231607,2.985703
8.239119,2.992567
8.246615,2.999467
8.254096,3.006400
8.261562,3.013366
8.269014,3.020363
8.276452,3.027391
8.283877,3.034448
8.291290,3.041534
8.298690,3.048646
8.306079,3.055783
8.313458,3.062946
8.320826,3.070131
8.328184,3.077339
8.335533,3.084567
8.342873,3.091816
8.350206,3.099083
8.357530,3.106367
8.364848,3.113667
8.372159,3.120982
8.379464,3.128312
8.386764,3.135653
8.394059,3.143006
8.401349,3.150370
8.408636,3.157742
8.415920,3.165122
8.423201,3.172509
8.430480,3.179901
8.437758,3.187297
8.445034,3.194697
8.452311,3.202098
8.459587,3.209501
8.466864,3.216902
8.474142,3.224302
8.481422,3.231699
8.488704,3.239092
8.495989,3.246480
8.503278,3.253861
8.510570,3.261235
8.517867,3.268600
8.525169,3.275955
8.532477,3.283298
8.539791,3.290630
8.547111,3.297947
8.554439,3.305250
8.561775,3.312537
8.569119,3.319807
8.576472,3.327058
8.583834,3.334290
8.591207,3.341502
8.598590,3.348691
8.605984,3.355857
8.613390,3.362999
8.620808,3.370116
8.628239,3.377205
8.635683,3.384267
8.643141,3.391300
8.650613,3.398303
8.658100,3.405274
8.665603,3.412213
8.673122,3.419118
8.680658,3.425988
8.688211,3.432821
8.695781,3.439618
8.703370,3.446376
8.710977,3.453094
8.718604,3.459771
8.726251,3.466406
8.733919,3.472997
8.741607,3.479544
8.749317,3.486046
8.757049,3.492501
8.764804,3.498907
8.772582,3.505264
8.780383,3.511571
8.788209,3.517826
8.796060,3.524029
8.803937,3.530177
8.811839,3.536270
8.819768,3.542307
8.827724,3.548286
8.835707,3.554206
8.843719,3.560067
8.851759,3.565866
8.859829,3.571603
8.867928,3.577276
8.876058,3.582885
8.884219,3.588427
8.892411,3.593903
8.900635,3.599310
8.908892,3.604648
8.917182,3.609915
8.925506,3.615111
8.933864,3.620233
8.942256,3.625281
8.950684,3.630254
8.959148,3.635150
8.967648,3.639968
8.976186,3.644707
8.984760,3.649366
8.993373,3.653944
9.002024,3.658439
9.010715,3.662850
9.019445,3.667177
9.028216,3.671417
9.037027,3.675570
9.045880,3.679634
9.054775,3.683609
9.063712,3.687493
9.072692,3.691285
9.081716,3.694983
9.090784,3.698587
9.099896,3.702095
9.109054,3.705507
9.118258,3.708821
9.127508,3.712035
9.136804,3.715149
9.146148,3.718161
9.155541,3.721071
9.164981,3.723876
9.174471,3.726577
9.184010,3.729171
9.193600,3.731657
9.203240,3.734035
9.212931,3.736303
9.222675,3.738459
9.232470,3.740504
9.242317,3.742439
9.252208,3.744278
9.262136,3.746031
9.272097,3.747713
9.282081,3.749335
9.292085,3.750911
9.302099,3.752453
9.312119,3.753973
9.322137,3.755485
9.332147,3.757001
9.342143,3.758534
9.352117,3.760097
9.362063,3.761702
9.371974,3.763361
9.381845,3.765089
9.391667,3.766896
9.401436,3.768796
9.411144,3.770802
9.420784,3.772926
9.430350,3.775182
9.439836,3.777580
9.449234,3.780136
9.458539,3.782860
9.467743,3.785766
9.476841,3.788866
9.485825,3.792173
9.494696,3.795687
9.503455,3.799406
9.512106,3.803323
9.520652,3.807434
9.529095,3.811734
9.537440,3.816219
9.545687,3.820883
9.553841,3.825721
9.561904,3.830730
9.569879,3.835903
9.577769,3.841237
9.585577,3.846726
9.593306,3.852366
9.600959,3.858152
9.608538,3.864079
9.616047,3.870141
9.623488,3.876336
9.630864,3.882656
9.638179,3.889099
9.645434,3.895658
9.652634,3.902329
9.659780,3.909108
9.666877,3.915989
9.673926,3.922968
9.680930,3.930040
9.687893,3.937200
9.694818,3.944443
9.701706,3.951764
9.708562,3.959159
9.715388,3.966623
9.722187,3.974151
9.728962,3.981738
9.735715,3.989379
9.742450,3.997069
9.749170,4.004805
9.755877,4.012580
9.762575,4.020391
9.769265,4.028231
9.775952,4.036098
9.782638,4.043984
9.789326,4.051887
9.796019,4.059801
9.802719,4.067720
9.809430,4.075642
9.816154,4.083559
9.822895,4.091469
9.829655,4.099365
9.836438,4.107244
9.843245,4.115100
9.850081,4.122928
9.856947,4.130725
9.863848,4.138484
9.870785,4.146201
9.877761,4.153871
9.884780,4.161490
9.891845,4.169052
9.898957,4.176553
9.906121,4.183988
9.913339,4.191353
9.920614,4.198642
9.927949,4.205850
9.935347,4.212973
9.942810,4.220006
9.950342,4.226944
9.957945,4.233782
9.965623,4.240516
9.973378,4.247140
9.981213,4.253651
9.989131,4.260042
9.997135,4.266310
10.005228,4.272449
10.013413,4.278455
10.021692,4.284322
10.030069,4.290046
10.038544,4.295626
10.047110,4.301069
10.055758,4.306387
10.064477,4.311592
10.073259,4.316695
10.082093,4.321707
10.090971,4.326641
10.099882,4.331506
10.108819,4.336316
10.117769,4.341081
10.126726,4.345812
10.135678,4.350522
10.144616,4.355222
10.153532,4.359922
10.162415,4.364635
10.171255,4.369372
10.180045,4.374144
10.188773,4.378963
10.197430,4.383840
10.206008,4.388787
10.214495,4.393815
10.222884,4.398936
10.231164,4.404160
10.239326,4.409500
10.247361,4.414967
10.255258,4.420573
10.263009,4.426328
10.270604,4.432244
10.278034,4.438333
10.285289,4.444605
10.292372,4.451060
10.299288,4.457691
10.306045,4.464493
10.312649,4.471460
10.319107,4.478584
10.325424,4.485861
10.331609,4.493284
10.337667,4.500847
10.343606,4.508544
10.349431,4.516369
10.355149,4.524316
10.360767,4.532378
10.366292,4.540550
10.371729,4.548826
10.377087,4.557198
10.382370,4.565662
10.387587,4.574212
10.392743,4.582840
10.397845,4.591541
10.402900,4.600310
10.407914,4.609139
10.412894,4.618022
10.417847,4.626955
10.422779,4.635930
10.427696,4.644941
10.432606,4.653982
10.437515,4.663048
10.442429,4.672132
10.447355,4.681228
10.452300,4.690330
10.457271,4.699432
10.462273,4.708527
10.467314,4.717610
10.472401,4.726675
10.477539,4.735715
10.482735,4.744725
10.487989,4.753702
10.493294,4.762648
10.498646,4.771566
10.504037,4.780458
10.509460,4.789324
10.514910,4.798168
10.520381,4.806990
10.525866,4.815794
10.531358,4.824581
10.536851,4.833352
10.542340,4.842110
10.547817,4.850857
10.553277,4.859595
10.558713,4.868325
10.564119,4.877050
10.569488,4.885771
10.574815,4.894491
10.580092,4.903211
10.585314,4.911933
10.590474,4.920659
10.595566,4.929392
10.600584,4.938132
10.605521,4.946883
10.610371,4.955645
10.615127,4.964422
10.619784,4.973214
10.624335,4.982024
10.628774,4.990853
10.633094,4.999704
10.637289,5.008579
10.641353,5.017479
10.645280,5.026406
10.649063,5.035363
10.652695,5.044351
10.656171,5.053372
10.659484,5.062429
10.662629,5.071522
10.665597,5.080655
10.668385,5.089828
10.670984,5.099044
10.673388,5.108305
10.675592,5.117613
10.677590,5.126969
10.679373,5.136376
10.680938,5.145835
10.682288,5.155347
10.683435,5.164909
10.684389,5.174520
10.685162,5.184179
10.685766,5.193885
10.686212,5.203634
10.686512,5.213427
10.686676,5.223261
10.686716,5.233135
10.686644,5.243047
10.686470,5.252996
10.686207,5.262980
10.685866,5.272998
10.685457,5.283048
10.684993,5.293129
10.684485,5.303238
10.683945,5.313375
10.683383,5.323538
10.682811,5.333725
10.682240,5.343934
10.681682,5.354165
10.681149,5.364416
10.680651,5.374685
10.680200,5.384970
10.679807,5.395270
10.679473,5.405584
10.679192,5.415907
10.678955,5.426238
10.678755,5.436574
10.678583,5.446913
10.678432,5.457252
10.678294,5.467588
10.678161,5.477919
10.678026,5.488243
10.677880,5.498555
10.677716,5.508855
10.677526,5.519140
10.677302,5.529406
10.677036,5.539651
10.676721,5.549873
10.676348,5.560069
10.675911,5.570237
10.675400,5.580373
10.674808,5.590476
10.674128,5.600543
10.673352,5.610571
10.672471,5.620557
10.671478,5.630499
10.670365,5.640395
10.669124,5.650242
10.667748,5.660036
10.666228,5.669777
10.664557,5.679460
10.662728,5.689084
10.660731,5.698645
10.658560,5.708142
10.656206,5.717572
10.653662,5.726932
10.650919,5.736219
10.647971,5.745431
10.644809,5.754565
10.641426,5.763620
10.637813,5.772591
10.633963,5.781477
10.629868,5.790275
10.625522,5.798982
10.620930,5.807597
10.616097,5.816116
10.611030,5.824537
10.605734,5.832858
10.600215,5.841077
10.594479,5.849192
10.588532,5.857198
10.582380,5.865096
10.576028,5.872882
10.569484,5.880553
10.562752,5.888108
10.555838,5.895544
10.548749,5.902858
10.541490,5.910049
10.534068,5.917114
10.526488,5.924050
10.518755,5.930855
10.510877,5.937528
10.502859,5.944065
10.494706,5.950464
10.486425,5.956723
10.478022,5.962839
10.469502,5.968810
10.460872,5.974634
10.452138,5.980308
10.443304,5.985830
10.434378,5.991198
10.425365,5.996409
10.416270,6.001461
10.407101,6.006351
10.397863,6.011077
10.388561,6.015638
10.379202,6.020029
10.369792,6.024250
10.360336,6.028297
10.350841,6.032169
10.341312,6.035862
10.331755,6.039376
10.322176,6.042707
10.312576,6.045860
10.302957,6.048840
10.293317,6.051655
10.283659,6.054309
10.273981,6.056809
10.264286,6.059162
10.254572,6.061372
10.244840,6.063447
10.235091,6.065391
10.225325,6.067212
10.215543,6.068916
10.205745,6.070507
10.195930,6.071993
10.186101,6.073379
10.176257,6.074672
10.166398,6.075878
10.156525,6.077002
10.146638,6.078051
10.136738,6.079030
10.126826,6.079946
10.116900,6.080805
10.106963,6.081613
10.097013,6.082376
10.087052,6.083100
10.077081,6.083791
10.067099,6.084455
10.057106,6.085098
10.047104,6.085727
10.037093,6.086347
10.027072,6.086964
10.017043,6.087584
10.007006,6.088214
9.996960,6.088859
9.986908,6.089526
9.976848,6.090221
9.966782,6.090946
9.956710,6.091699
9.946632,6.092479
9.936549,6.093283
9.926461,6.094107
9.916369,6.094951
9.906273,6.095810
9.896173,6.096684
9.886071,6.097569
9.875966,6.098463
9.865858,6.099363
9.855750,6.100268
9.845640,6.101174
9.835529,6.102080
9.825419,6.102982
9.815308,6.103878
9.805198,6.104767
9.795090,6.105645
9.784982,6.106509
9.774877,6.107359
9.764775,6.108190
9.754675,6.109001
9.744578,6.109789
9.734486,6.110552
9.724398,6.111288
9.714314,6.111993
9.704236,6.112665
9.694164,6.113303
9.684097,6.113903
9.674037,6.114463
9.663984,6.114980
9.653939,6.115453
9.643902,6.115879
9.633873,6.116255
9.623852,6.116578
9.613842,6.116847
9.603840,6.117059
9.593849,6.117212
9.583869,6.117302
9.573900,6.117329
9.563942,6.117288
9.553997,6.117178
9.544064,6.116996
9.534143,6.116740
9.524237,6.116408
9.514344,6.115996
9.504465,6.115503
9.494601,6.114926
9.484752,6.114263
9.474919,6.113510
9.465102,6.112667
9.455302,6.111729
9.445518,6.110696
9.435752,6.109564
9.426004,6.108330
9.416274,6.106994
9.406564,6.105551
9.396872,6.104000
9.387200,6.102338
9.377549,6.100562
9.367918,6.098671
9.358308,6.096662
9.348719,6.094532
9.339153,6.092279
9.329609,6.089900
9.320088,6.087394
9.310590,6.084765
9.301114,6.082016
9.291660,6.079150
9.282229,6.076172
9.272819,6.073085
9.263432,6.069894
9.254066,6.066602
9.244721,6.063213
9.235398,6.059730
9.226096,6.056159
9.216815,6.052501
9.207554,6.048763
9.198314,6.044946
9.189094,6.041055
9.179895,6.037094
9.170715,6.033067
9.161555,6.028977
9.152415,6.024828
9.143294,6.020625
9.134193,6.016371
9.125111,6.012069
9.116047,6.007725
9.107002,6.003340
9.097976,5.998920
9.088968,5.994469
9.079978,5.989989
9.071006,5.985485
9.062052,5.980957
9.053115,5.976405
9.044196,5.971831
9.035293,5.967234
9.026406,5.962615
9.017536,5.957974
9.008681,5.953311
8.999843,5.948628
8.991019,5.943924
8.982210,5.939200
8.973416,5.934456
8.964636,5.929692
8.955870,5.924910
8.947118,5.920108
8.938379,5.915289
8.929653,5.910451
8.920940,5.905596
8.912240,5.900724
8.903552,5.895836
8.894875,5.890930
8.886210,5.886009
8.877557,5.881073
8.868914,5.876121
8.860282,5.871154
8.851660,5.866174
8.843048,5.861179
8.834446,5.856170
8.825854,5.851148
8.817270,5.846114
8.808696,5.841067
8.800130,5.836008
8.791572,5.830937
8.783022,5.825855
8.774479,5.820762
8.765944,5.815659
8.757416,5.810546
8.748894,5.805423
8.740379,5.800290
8.731870,5.795149
8.723366,5.789999
8.714868,5.784841
8.706375,5.779676
8.697887,5.774502
8.689404,5.769322
8.680924,5.764136
8.672449,5.758943
8.663977,5.753744
8.655508,5.748540
8.647043,5.743331
8.638580,5.738118
8.630120,5.732900
8.621661,5.727678
8.613204,5.722453
8.604749,5.717224
8.596295,5.711993
8.587842,5.706760
8.579389,5.701525
8.570937,5.696288
8.562484,5.691051
8.554031,5.685812
8.545578,5.680573
8.537123,5.675334
8.528667,5.670096
8.520210,5.664858
8.511751,5.659622
8.503289,5.654387
8.494825,5.649155
8.486358,5.643924
8.477888,5.638697
8.469414,5.633473
8.460937,5.628253
8.452455,5.623038
8.443969,5.617828
8.435478,5.612625
8.426981,5.607430
8.418479,5.602242
8.409970,5.597064
8.401455,5.591896
8.392932,5.586738
8.384402,5.581592
8.375865,5.576457
8.367319,5.571337
8.358765,5.566230
8.350202,5.561137
8.341629,5.556061
8.333047,5.551000
8.324454,5.545957
8.315851,5.540932
8.307238,5.535926
8.298612,5.530940
8.289975,5.525974
8.281326,5.521029
8.272665,5.516106
8.263990,5.511207
8.255303,5.506331
8.246601,5.501480
8.237886,5.496654
8.229156,5.491854
8.220411,5.487082
8.211651,5.482337
8.202875,5.477621
8.194084,5.472934
8.185276,5.468278
8.176451,5.463653
8.167609,5.459060
8.158749,5.454500
8.149871,5.449973
8.140975,5.445481
8.132060,5.441024
8.123126,5.436602
8.114175,5.432215
8.105207,5.427857
8.096225,5.423527
8.087230,5.419220
8.078226,5.414934
8.069212,5.410664
8.060192,5.406408
8.051166,5.402163
8.042137,5.397924
8.033107,5.393689
8.024078,5.389453
8.015050,5.385215
8.006027,5.380970
7.997010,5.376716
7.988001,5.372448
7.979001,5.368164
7.970013,5.363859
7.961038,5.359532
7.952078,5.355178
7.943135,5.350794
7.934210,5.346376
7.925307,5.341922
7.916426,5.337428
7.907569,5.332891
7.898738,5.328307
7.889935,5.323673
7.881162,5.318985
7.872420,5.314241
7.863712,5.309437
7.855040,5.304569
7.846404,5.299634
7.837807,5.294630
7.829251,5.289551
7.820737,5.284398
7.812264,5.279171
7.803830,5.273873
7.795434,5.268507
7.787074,5.263076
7.778749,5.257583
7.770458,5.252030
7.762199,5.246420
7.753970,5.240756
7.745771,5.235041
7.737599,5.229278
7.729453,5.223469
7.721332,5.217617
7.713234,5.211725
7.705158,5.205796
7.697102,5.199832
7.689065,5.193837
7.681045,5.187812
7.673041,5.181762
7.665052,5.175688
7.657075,5.169593
7.649110,5.163481
7.641155,5.157353
7.633208,5.151214
7.625269,5.145065
7.617335,5.138909
7.609405,5.132750
7.601478,5.126589
7.593552,5.120430
7.585625,5.114276
7.577697,5.108129
7.569766,5.101992
7.561829,5.095868
7.553887,5.089759
7.545937,5.083669
7.537978,5.077600
7.530009,5.071555
7.522027,5.065537
7.514032,5.059549
7.506022,5.053592
7.497995,5.047671
7.489950,5.041788
7.481886,5.035946
7.473802,5.030147
7.465694,5.024394
7.457563,5.018691
7.449407,5.013039
7.441224,5.007442
7.433013,5.001902
7.424772,4.996422
7.416500,4.991006
7.408196,4.985655
7.399857,4.980373
7.391483,4.975162
7.383071,4.970026
7.374622,4.964966
7.366132,4.959986
7.357601,4.955088
7.349027,4.950276
7.340408,4.945552
7.331744,4.940918
7.323033,4.936378
7.314275,4.931930
7.305471,4.927573
7.296623,4.923302
7.287732,4.919118
7.278798,4.915016
7.269824,4.910994
7.260809,4.907051
7.251756,4.903184
7.242665,4.899391
7.233538,4.895669
7.224375,4.892016
7.215178,4.888429
7.205948,4.884907
7.196686,4.881446
7.187394,4.878045
7.178071,4.874702
7.168720,4.871413
7.159341,4.868177
7.149937,4.864991
7.140507,4.861853
7.131053,4.858761
7.121576,4.855712
7.112077,4.852703
7.102557,4.849733
7.093019,4.846800
7.083461,4.843900
7.073887,4.841032
7.064296,4.838193
7.054691,4.835381
7.045071,4.832593
7.035439,4.829828
7.025795,4.827082
7.016141,4.824354
7.006477,4.821641
6.996806,4.818941
6.987127,4.816251
6.977442,4.813569
6.967753,4.810893
6.958060,4.808221
6.948364,4.805550
6.938667,4.802877
6.928970,4.800202
6.919273,4.797520
6.909579,4.794830
6.899888,4.792129
6.890201,4.789415
6.880519,4.786687
6.870844,4.783940
6.861177,4.781174
6.851519,4.778385
6.841870,4.775572
6.832232,4.772732
6.822607,4.769862
6.812995,4.766961
6.803398,4.764026
6.793816,4.761055
6.784251,4.758045
6.774703,4.754994
6.765175,4.751900
6.755667,4.748760
6.746180,4.745573
6.736716,4.742334
6.727275,4.739044
6.717858,4.735699
6.708464,4.732302
6.699094,4.728853
6.689746,4.725354
6.680421,4.721806
6.671116,4.718211
6.661833,4.714569
6.652570,4.710882
6.643326,4.707151
6.634102,4.703377
6.624896,4.699562
6.615708,4.695707
6.606538,4.691813
6.597384,4.687881
6.588247,4.683913
6.579126,4.679909
6.570020,4.675872
6.560929,4.671802
6.551852,4.667701
6.542788,4.663570
6.533738,4.659410
6.524700,4.655222
6.515673,4.651008
6.506658,4.646769
6.497654,4.642506
6.488661,4.638221
6.479676,4.633914
6.470701,4.629587
6.461735,4.625242
6.452776,4.620878
6.443825,4.616499
6.434881,4.612105
6.425943,4.607696
6.417011,4.603276
6.408084,4.598843
6.399162,4.594401
6.390244,4.589951
6.381329,4.585492
6.372417,4.581028
6.363508,4.576558
6.354601,4.572085
6.345695,4.567609
6.336789,4.563132
6.327884,4.558656
6.318978,4.554180
6.310072,4.549707
6.301164,4.545238
6.292254,4.540773
6.283341,4.536316
6.274425,4.531865
6.265506,4.527424
6.256582,4.522993
6.247653,4.518573
6.238719,4.514165
6.229779,4.509772
6.220833,4.505393
6.211879,4.501031
6.202918,4.496687
6.193949,4.492361
6.184970,4.488056
6.175983,4.483771
6.166986,4.479510
6.157978,4.475273
6.148959,4.471060
6.139929,4.466874
6.130886,4.462716
6.121831,4.458587
6.112763,4.454487
6.103681,4.450420
6.094585,4.446385
6.085474,4.442384
6.076347,4.438418
6.067205,4.434487
6.058048,4.430590
6.048878,4.426724
6.039694,4.422888
6.030498,4.419080
6.021290,4.415298
6.012072,4.411540
6.002843,4.407805
5.993606,4.404090
5.984360,4.400394
5.975106,4.396715
5.965846,4.393052
5.956579,4.389402
5.947308,4.385763
5.938031,4.382134
5.928751,4.378512
5.919468,4.374897
5.910183,4.371286
5.900897,4.367678
5.891610,4.364070
5.882323,4.360461
5.873037,4.356849
5.863753,4.353231
5.854472,4.349607
5.845193,4.345975
5.835919,4.342332
5.826650,4.338677
5.817386,4.335009
5.808128,4.331327
5.798875,4.327632
5.789628,4.323924
5.780387,4.320202
5.771151,4.316466
5.761921,4.312717
5.752696,4.308953
5.743477,4.305177
5.734265,4.301386
5.725058,4.297582
5.715857,4.293764
5.706662,4.289932
5.697473,4.286085
5.688291,4.282225
5.679114,4.278351
5.669944,4.274463
5.660780,4.270561
5.651622,4.266645
5.642471,4.262714
5.633326,4.258769
5.624187,4.254810
5.615055,4.250836
5.605930,4.246849
5.596811,4.242846
5.587699,4.238829
5.578593,4.234798
5.569494,4.230752
5.560402,4.226692
5.551317,4.222617
5.542239,4.218527
5.533168,4.214422
5.524103,4.210303
5.515046,4.206169
5.505996,4.202020
5.496953,4.197856
5.487917,4.193677
5.478889,4.189483
5.469867,4.185274
5.460853,4.181050
5.451846,4.176812
5.442845,4.172560
5.433852,4.168295
5.424864,4.164016
5.415883,4.159723
5.406908,4.155419
5.397939,4.151101
5.388976,4.146772
5.380018,4.142430
5.371066,4.138078
5.362119,4.133714
5.353177,4.129339
5.344241,4.124954
5.335309,4.120558
5.326381,4.116153
5.317459,4.111738
5.308540,4.107314
5.299626,4.102881
5.290716,4.098439
5.281809,4.093989
5.272907,4.089531
5.264007,4.085066
5.255112,4.080593
5.246219,4.076113
5.237329,4.071627
5.228442,4.067134
5.219558,4.062635
5.210677,4.058131
5.201798,4.053621
5.192921,4.049106
5.184046,4.044586
5.175173,4.040062
5.166301,4.035533
5.157432,4.031001
5.148563,4.026466
5.139696,4.021927
5.130830,4.017385
5.121965,4.012841
5.113100,4.008295
5.104237,4.003747
5.095373,3.999197
5.086510,3.994647
5.077647,3.990095
5.068784,3.985542
5.059920,3.980990
5.051057,3.976437
5.042192,3.971885
5.033327,3.967334
5.024461,3.962783
5.015594,3.958234
5.006726,3.953687
4.997856,3.949141
4.988985,3.944598
4.980112,3.940058
4.971238,3.935520
4.962361,3.930985
4.953483,3.926453
4.944603,3.921925
4.935721,3.917399
4.926838,3.912876
4.917953,3.908356
4.909066,3.903839
4.900178,3.899325
4.891288,3.894815
4.882396,3.890307
4.873504,3.885802
4.864609,3.881300
4.855714,3.876801
4.846817,3.872305
4.837918,3.867813
4.829019,3.863323
4.820118,3.858836
4.811216,3.854352
4.802313,3.849872
4.793408,3.845394
4.784503,3.840920
4.775596,3.836448
4.766689,3.831980
4.757780,3.827515
4.748871,3.823053
4.739960,3.818593
4.731049,3.814137
4.722137,3.809685
4.713224,3.805235
4.704310,3.800788
4.695396,3.796344
4.686481,3.791904
4.677565,3.787467
4.668648,3.783033
4.659731,3.778601
4.650814,3.774174
4.641896,3.769749
4.632977,3.765327
4.624058,3.760909
4.615139,3.756494
4.606219,3.752081
4.597299,3.747672
4.588379,3.743267
4.579458,3.738864
4.570537,3.734465
4.561616,3.730069
4.552695,3.725676
4.543774,3.721286
4.534852,3.716899
4.525931,3.712516
4.517009,3.708136
4.508088,3.703759
4.499167,3.699386
4.490246,3.695015
4.481325,3.690648
4.472404,3.686284
4.463484,3.681918
4.454565,3.677547
4.445648,3.673164
4.436734,3.668765
4.427823,3.664344
4.418915,3.659897
4.410012,3.655418
4.401115,3.650903
4.392222,3.646346
4.383336,3.641742
4.374457,3.637087
4.365592,3.632373
4.356749,3.627593
4.347939,3.622742
4.339171,3.617810
4.330455,3.612792
4.321801,3.607681
4.313218,3.602468
4.304716,3.597147
4.296305,3.591712
4.287994,3.586154
4.279794,3.580466
4.271714,3.574643
4.263763,3.568676
4.255951,3.562558
4.248289,3.556282
4.240785,3.549842
4.233450,3.543230
4.226293,3.536439
4.219312,3.529471
4.212498,3.522337
4.205841,3.515047
4.199329,3.507612
4.192952,3.500043
4.186700,3.492349
4.180562,3.484542
4.174527,3.476632
4.168585,3.468629
4.162725,3.460545
4.156937,3.452390
4.151211,3.444174
4.145535,3.435908
4.139899,3.427602
4.134293,3.419268
4.128706,3.410915
4.123127,3.402555
4.117547,3.394197
4.111953,3.385853
4.106337,3.377533
4.100687,3.369247
4.094992,3.361006
4.089243,3.352822
4.083428,3.344703
4.077537,3.336661
4.071569,3.328698
4.065532,3.320804
4.059434,3.312972
4.053286,3.305190
4.047095,3.297451
4.040871,3.289744
4.034623,3.282061
4.028361,3.274393
4.022093,3.266729
4.015828,3.259061
4.009575,3.251379
4.003344,3.243675
3.997144,3.235939
3.990983,3.228161
3.984870,3.220333
3.978816,3.212445
3.972828,3.204487
3.966916,3.196452
3.961089,3.188328
3.955355,3.180108
3.949725,3.171781
3.944208,3.163339
3.938811,3.154772
3.933544,3.146071
3.928417,3.137227
3.923441,3.128238
3.918633,3.119113
3.914008,3.109862
3.909583,3.100498
3.905375,3.091029
3.901400,3.081468
3.897675,3.071823
3.894216,3.062107
3.891039,3.052330
3.888162,3.042502
3.885600,3.032635
3.883371,3.022738
3.881490,3.012822
3.879975,3.002899
3.878841,2.992978
3.878105,2.983070
3.877783,2.973186
3.877893,2.963337
3.878451,2.953534
3.879472,2.943786
3.880972,2.934104
3.882926,2.924487
3.885284,2.914930
3.887995,2.905423
3.891007,2.895959
3.894269,2.886532
3.897728,2.877132
3.901334,2.867753
3.905035,2.858387
3.908779,2.849026
3.912515,2.839663
3.916191,2.830290
3.919757,2.820899
3.923159,2.811484
3.926347,2.802036
3.929269,2.792548
3.931879,2.783013
3.934168,2.773430
3.936153,2.763800
3.937848,2.754126
3.939269,2.744410
3.940431,2.734655
3.941349,2.724861
3.942038,2.715032
3.942514,2.705169
3.942792,2.695275
3.942887,2.685351
3.942814,2.675399
3.942588,2.665422
3.942225,2.655423
3.941740,2.645401
3.941148,2.635361
3.940464,2.625304
3.939704,2.615232
3.938883,2.605147
3.938016,2.595052
3.937118,2.584947
3.936204,2.574837
3.935290,2.564721
3.934391,2.554604
3.933522,2.544486
3.932698,2.534370
3.931935,2.524258
3.931247,2.514151
3.930651,2.504053
3.930160,2.493965
3.929791,2.483889
3.929541,2.473826
3.929400,2.463775
3.929356,2.453737
3.929398,2.443709
3.929514,2.433693
3.929692,2.423687
3.929922,2.413692
3.930190,2.403707
3.930487,2.393730
3.930800,2.383763
3.931117,2.373804
3.931427,2.363854
3.931719,2.353911
3.931981,2.343975
3.932201,2.334046
3.932368,2.324124
3.932469,2.314207
3.932495,2.304297
3.932432,2.294391
3.932270,2.284490
3.931997,2.274593
3.931601,2.264700
3.931071,2.254810
3.930395,2.244923
3.929561,2.235039
3.928566,2.225159
3.927410,2.215285
3.926094,2.205421
3.924620,2.195569
3.922989,2.185731
3.921204,2.175911
3.919265,2.166112
3.917174,2.156336
3.914933,2.146586
3.912543,2.136865
3.910005,2.127175
3.907321,2.117520
3.904493,2.107902
3.901522,2.098323
3.898409,2.088788
3.895156,2.079298
3.891765,2.069856
3.888237,2.060465
3.884573,2.051129
3.880775,2.041848
3.876845,2.032627
3.872784,2.023467
3.868594,2.014367
3.864277,2.005327
3.859835,1.996349
3.855269,1.987432
3.850581,1.978577
3.845774,1.969784
3.840848,1.961053
3.835806,1.952385
3.830650,1.943780
3.825381,1.935238
3.820002,1.926760
3.814513,1.918346
3.808917,1.909995
3.803216,1.901710
3.797412,1.893489
3.791505,1.885333
3.785499,1.877242
3.779395,1.869217
3.773194,1.861258
3.766899,1.853366
3.760511,1.845540
3.754032,1.837780
3.747464,1.830089
3.740810,1.822464
3.734069,1.814907
3.727245,1.807419
3.720340,1.799999
3.713354,1.792647
3.706290,1.785365
3.699150,1.778152
3.691935,1.771008
3.684648,1.763935
3.677290,1.756931
3.669863,1.749999
3.662368,1.743137
3.654808,1.736346
3.647184,1.729627
3.639499,1.722979
3.631753,1.716403
3.623950,1.709900
3.616090,1.703469
3.608175,1.697112
3.600208,1.690827
3.592190,1.684617
3.584122,1.678480
3.576008,1.672417
3.567847,1.666429
3.559644,1.660515
3.551398,1.654677
3.543112,1.648913
3.534788,1.643226
3.526428,1.637615
3.518032,1.632079
3.509601,1.626619
3.501136,1.621233
3.492636,1.615921
3.484102,1.610682
3.475534,1.605515
3.466933,1.600420
3.458298,1.595396
3.449630,1.590443
3.440929,1.585559
3.432196,1.580744
3.423431,1.575998
3.414633,1.571319
3.405804,1.566707
3.396944,1.562161
3.388052,1.557681
3.379129,1.553265
3.370176,1.548914
3.361193,1.544626
3.352179,1.540401
3.343136,1.536238
3.334063,1.532137
3.324961,1.528096
3.315830,1.524115
3.306670,1.520194
3.297482,1.516331
3.288266,1.512526
3.279022,1.508779
3.269750,1.505088
3.260451,1.501453
3.251125,1.497873
3.241773,1.494347
3.232393,1.490876
3.222988,1.487457
3.213557,1.484092
3.204101,1.480780
3.194622,1.477521
3.185119,1.474316
3.175594,1.471164
3.166047,1.468066
3.156479,1.465022
3.146891,1.462031
3.137285,1.459095
3.127659,1.456213
3.118016,1.453385
3.108357,1.450612
3.098681,1.447893
3.088990,1.445229
3.079284,1.442620
3.069565,1.440066
3.059833,1.437566
3.050089,1.435123
3.040334,1.432734
3.030568,1.430401
3.020792,1.428123
3.011008,1.425901
3.001215,1.423735
2.991415,1.421625
2.981609,1.419571
2.971796,1.417574
2.961979,1.415632
2.952158,1.413748
2.942333,1.411919
2.932506,1.410148
2.922677,1.408433
2.912847,1.406775
2.903016,1.405175
2.893187,1.403632
2.883358,1.402146
2.873532,1.400717
2.863709,1.399346
2.853890,1.398033
2.844075,1.396778
2.834265,1.395581
2.824462,1.394442
2.814666,1.393361
2.804877,1.392338
2.795097,1.391374
2.785326,1.390469
2.775565,1.389623
2.765814,1.388834
2.756072,1.388102
2.746338,1.387425
2.736611,1.386802
2.726889,1.386231
2.717172,1.385711
2.707458,1.385240
2.697747,1.384816
2.688037,1.384439
2.678327,1.384106
2.668616,1.383816
2.658903,1.383567
2.649186,1.383359
2.639466,1.383189
2.629740,1.383057
2.620008,1.382960
2.610268,1.382897
2.600519,1.382866
2.590761,1.382867
2.580991,1.382897
2.571210,1.382955
2.561416,1.383039
2.551607,1.383149
2.541783,1.383282
2.531943,1.383437
2.522086,1.383612
2.512209,1.383807
2.502313,1.384019
2.492397,1.384247
2.482458,1.384489
2.472497,1.384744
2.462511,1.385011
2.452500,1.385288
2.442463,1.385573
2.432398,1.385865
2.422305,1.386162
2.412183,1.386464
2.402029,1.386767
2.391844,1.387072
2.381626,1.387376
2.371375,1.387678
2.361087,1.387976
2.350764,1.388269
2.340404,1.388556
2.330005,1.388834
2.319566,1.389103
2.309087,1.389361
2.298567,1.389605
2.288003,1.389836
2.277396,1.390051
2.266745,1.390248
2.256055,1.390423
2.245330,1.390571
2.234573,1.390689
2.223789,1.390771
2.212983,1.390814
2.202158,1.390814
2.191319,1.390765
2.180470,1.390664
2.169615,1.390507
2.158758,1.390288
2.147904,1.390005
2.137056,1.389652
2.126219,1.389225
2.115397,1.388720
2.104594,1.388133
2.093815,1.387459
2.083063,1.386694
2.072343,1.385833
2.061660,1.384873
2.051016,1.383809
2.040417,1.382637
2.029866,1.381353
2.019368,1.379951
2.008928,1.378429
1.998548,1.376781
1.988234,1.375003
1.977989,1.373092
1.967818,1.371042
1.957725,1.368849
1.947714,1.366510
1.937790,1.364019
1.927956,1.361373
1.918217,1.358566
1.908577,1.355596
1.899039,1.352458
1.889610,1.349146
1.880292,1.345658
1.871089,1.341988
1.862006,1.338132
1.853048,1.334087
1.844218,1.329848
1.835520,1.325409
1.826959,1.320768
1.818539,1.315920
1.810264,1.310861
1.802138,1.305585
1.794166,1.300090
1.786352,1.294370
1.778699,1.288422
1.771212,1.282240
1.763896,1.275822
1.756754,1.269161
1.749791,1.262255
1.743011,1.255099
1.736417,1.247688
1.730015,1.240019
1.723814,1.232090
1.717844,1.223915
1.712140,1.215513
1.706740,1.206901
1.701679,1.198096
1.696993,1.189116
1.692717,1.179979
1.688888,1.170702
1.685542,1.161304
1.682714,1.151801
1.680440,1.142212
1.678748,1.132552
1.677602,1.122828
1.676932,1.113040
1.676670,1.103189
1.676747,1.093275
1.677094,1.083298
1.677643,1.073261
1.678324,1.063162
1.679069,1.053003
1.679809,1.042784
1.680481,1.032506
1.681071,1.022176
1.681596,1.011802
1.682069,1.001392
1.682506,0.990955
1.682923,0.980500
1.683334,0.970036
1.683755,0.959570
1.684200,0.949113
1.684685,0.938672
1.685225,0.928255
1.685836,0.917873
1.686532,0.907533
1.687328,0.897243
1.688240,0.887014
1.689283,0.876852
1.690471,0.866768
1.691821,0.856769
1.693348,0.846864
1.695065,0.837062
1.696990,0.827371
1.699136,0.817801
1.701519,0.808359
1.704154,0.799055
1.707056,0.789896
1.710241,0.780893
1.713723,0.772053
1.717519,0.763384
1.721642,0.754897
1.726108,0.746598
1.730932,0.738498
1.736121,0.730600
1.741662,0.722901
1.747540,0.715397
1.753740,0.708082
1.760245,0.700952
1.767040,0.694001
1.774111,0.687226
1.781441,0.680620
1.789015,0.674179
1.796817,0.667899
1.804833,0.661775
1.813046,0.655801
1.821442,0.649972
1.830004,0.644285
1.838717,0.638734
1.847567,0.633313
1.856536,0.628020
1.865611,0.622847
1.874775,0.617791
1.884014,0.612848
1.893311,0.608011
1.902651,0.603276
1.912018,0.598638
1.921398,0.594092
1.930775,0.589635
1.940136,0.585260
1.949481,0.580964
1.958811,0.576745
1.968126,0.572599
1.977427,0.568522
1.986716,0.564512
1.995992,0.560566
2.005258,0.556678
2.014513,0.552848
2.023759,0.549071
2.032997,0.545344
2.042227,0.541664
2.051451,0.538027
2.060670,0.534431
2.069883,0.530871
2.079093,0.527345
2.088300,0.523850
2.097505,0.520382
2.106709,0.516938
2.115912,0.513514
2.125116,0.510108
2.134322,0.506715
2.143531,0.503334
2.152742,0.499960
2.161958,0.496591
2.171180,0.493222
2.180407,0.489851
2.189641,0.486476
2.198882,0.483095
2.208130,0.479710
2.217385,0.476322
2.226647,0.472931
2.235916,0.469537
2.245192,0.466142
2.254475,0.462745
2.263764,0.459347
2.273061,0.455950
2.282364,0.452553
2.291675,0.449157
2.300992,0.445762
2.310316,0.442370
2.319647,0.438981
2.328985,0.435595
2.338329,0.432214
2.347681,0.428837
2.357039,0.425465
2.366405,0.422099
2.375777,0.418739
2.385156,0.415386
2.394541,0.412041
2.403934,0.408704
2.413333,0.405376
2.422739,0.402057
2.432152,0.398748
2.441572,0.395449
2.450998,0.392162
2.460432,0.388886
2.469872,0.385622
2.479319,0.382372
2.488772,0.379134
2.498233,0.375911
2.507700,0.372703
2.517174,0.369509
2.526654,0.366332
2.536142,0.363170
2.545636,0.360026
2.555137,0.356899
2.564644,0.353791
2.574158,0.350701
2.583679,0.347631
2.593207,0.344580
2.602741,0.341550
2.612282,0.338541
2.621830,0.335554
2.631384,0.332589
2.640945,0.329646
2.650513,0.326727
2.660087,0.323833
2.669668,0.320963
2.679256,0.318118
2.688850,0.315298
2.698451,0.312506
2.708059,0.309740
2.717673,0.307001
2.727293,0.304291
2.736921,0.301610
2.746555,0.298958
2.756195,0.296336
2.765842,0.293744
2.775496,0.291183
2.785156,0.288654
2.794823,0.286157
2.804496,0.283691
2.814176,0.281255
2.823861,0.278849
2.833552,0.276473
2.843249,0.274125
2.852952,0.271806
2.862660,0.269515
2.872374,0.267251
2.882092,0.265014
2.891816,0.262803
2.901545,0.260617
2.911278,0.258456
2.921016,0.256320
2.930759,0.254208
2.940505,0.252119
2.950256,0.250054
2.960011,0.248010
2.969770,0.245988
2.979533,0.243987
2.989299,0.242007
2.999069,0.240047
3.008842,0.238107
3.018618,0.236185
3.028397,0.234282
3.038179,0.232397
3.047964,0.230529
3.057751,0.228678
3.067541,0.226843
3.077333,0.225024
3.087127,0.223220
3.096923,0.221430
3.106721,0.219655
3.116520,0.217893
3.126322,0.216144
3.136124,0.214407
3.145928,0.212682
3.155733,0.210969
3.165539,0.209266
3.175346,0.207573
3.185154,0.205890
3.194962,0.204216
3.204771,0.202551
3.214579,0.200893
3.224388,0.199243
3.234197,0.197600
3.244006,0.195963
3.253814,0.194331
3.263622,0.192705
3.273429,0.191084
3.283236,0.189467
3.293041,0.187854
3.302847,0.186246
3.312652,0.184645
3.322457,0.183052
3.332262,0.181467
3.342068,0.179893
3.351874,0.178329
3.361682,0.176779
3.371491,0.175242
3.381302,0.173720
3.391114,0.172214
3.400929,0.170725
3.410746,0.169254
3.420566,0.167804
3.430388,0.166374
3.440214,0.164966
3.450043,0.163581
3.459876,0.162221
3.469713,0.160886
3.479554,0.159578
3.489399,0.158298
3.499250,0.157048
3.509105,0.155827
3.518966,0.154639
3.528832,0.153483
3.538704,0.152360
3.548582,0.151273
3.558466,0.150223
3.568357,0.149210
3.578255,0.148235
3.588160,0.147301
3.598072,0.146408
3.607992,0.145556
3.617920,0.144749
3.627856,0.143986
3.637800,0.143269
3.647754,0.142599
3.657716,0.141977
3.667687,0.141405
3.677668,0.140883
3.687658,0.140413
3.697659,0.139997
3.707670,0.139634
3.717691,0.139327
3.727724,0.139076
3.737767,0.138884
3.747822,0.138750
3.757888,0.138676
3.767966,0.138664
3.778056,0.138714
3.788159,0.138828
3.798274,0.139007
3.808402,0.139253
3.818543,0.139565
3.828698,0.139946
3.838866,0.140397
3.849046,0.140919
3.859236,0.141513
3.869433,0.142181
3.879636,0.142924
3.889842,0.143743
3.900049,0.144639
3.910255,0.145615
3.920458,0.146671
3.930655,0.147809
3.940845,0.149029
3.951025,0.150334
3.961194,0.151724
3.971348,0.153202
3.981487,0.154767
3.991607,0.156422
4.001707,0.158168
4.011784,0.160006
4.021837,0.161937
4.031862,0.163964
4.041859,0.166086
4.051824,0.168306
4.061757,0.170625
4.071653,0.173044
4.081513,0.175564
4.091332,0.178187
4.101110,0.180914
4.110843,0.183747
4.120530,0.186686
4.130169,0.189733
4.139758,0.192890
4.149293,0.196157
4.158774,0.199537
4.168198,0.203029
4.177563,0.206637
4.186867,0.210360
4.196107,0.214200
4.205281,0.218160
4.214388,0.222239
4.223425,0.226439
4.232390,0.230762
4.241281,0.235209
4.250096,0.239781
4.258832,0.244480
4.267488,0.249307
4.276060,0.254262
4.284548,0.259349
4.292949,0.264567
4.301260,0.269918
4.309481,0.275404
4.317607,0.281025
4.325638,0.286784
4.333572,0.292681
4.341407,0.298715
4.349146,0.304882
4.356793,0.311176
4.364347,0.317594
4.371813,0.324131
4.379191,0.330782
4.386485,0.337544
4.393697,0.344410
4.400828,0.351377
4.407881,0.358440
4.414858,0.365594
4.421762,0.372836
4.428594,0.380160
4.435357,0.387562
4.442053,0.395037
4.448684,0.402581
4.455253,0.410189
4.461761,0.417857
4.468211,0.425580
4.474605,0.433354
4.480946,0.441173
4.487235,0.449034
4.493478,0.456933
4.499678,0.464864
4.505839,0.472824
4.511967,0.480808
4.518064,0.488812
4.524136,0.496832
4.530186,0.504864
4.536219,0.512903
4.542239,0.520946
4.548250,0.528986
4.554257,0.537022
4.560264,0.545048
4.566275,0.553059
4.572294,0.561053
4.578325,0.569023
4.584373,0.576967
4.590443,0.584880
4.596537,0.592757
4.602661,0.600595
4.608819,0.608389
4.615015,0.616134
4.621253,0.623828
4.627538,0.631464
4.633874,0.639039
4.640264,0.646549
4.646714,0.653990
4.653227,0.661357
4.659808,0.668645
4.666461,0.675852
4.673190,0.682971
4.680000,0.690000
